postcode,latitude,longitude
AB10,57.134805,-2.117455
AB11,57.137133,-2.093443
AB12,57.103365,-2.109934
AB13_AB14,57.106942,-2.261168
AB15,57.138575,-2.166715
AB16,57.159568,-2.156525
AB21,57.208443,-2.200934
AB22,57.186437,-2.119507
AB23,57.208406,-2.089781
AB24,57.163397,-2.108254
AB25,57.153472,-2.114219
AB30,56.845958,-2.476986
AB31,57.066964,-2.504895
AB32,57.154467,-2.315049
AB33_AB35_AB36,57.156714,-2.914243
AB34,57.092675,-2.810042
AB37_AB38_IV32,57.511473,-3.208139
AB39,56.978047,-2.216928
AB41,57.371715,-2.117104
AB42,57.501574,-1.888256
AB43,57.657784,-2.044831
AB44_AB45,57.655027,-2.553747
AB51,57.287904,-2.404888
AB52,57.342076,-2.602524
AB53,57.53439,-2.407171
AB54,57.465517,-2.756242
AB55,57.532353,-2.975847
AB56,57.67353,-2.919004
AL1,51.748665,-0.319465
AL2,51.722496,-0.330885
AL3,51.775388,-0.366536
AL4,51.771276,-0.296003
AL5,51.814548,-0.351507
AL6,51.829915,-0.199434
AL7,51.798617,-0.189271
AL8,51.803409,-0.210292
AL9,51.746863,-0.201709
AL10,51.760939,-0.23129
B1,52.479552,-1.907755
B2_B3_B4,52.484359,-1.898427
B5,52.472206,-1.896822
B6,52.502505,-1.886855
B7,52.49383,-1.874377
B8,52.490022,-1.842774
B9,52.478089,-1.852806
B10,52.470106,-1.853285
B11,52.455388,-1.859863
B12,52.460887,-1.882531
B13,52.435126,-1.882543
B14,52.418788,-1.890263
B15,52.467926,-1.923536
B16,52.475463,-1.93238
B17,52.461491,-1.962914
B18,52.491538,-1.922587
B19,52.496305,-1.906163
B20,52.513363,-1.918878
B21,52.505138,-1.936382
B23,52.527661,-1.851784
B24,52.519646,-1.828905
B25,52.461679,-1.825958
B26,52.460715,-1.792876
B27,52.445771,-1.823766
B28,52.427785,-1.843178
B29,52.437705,-1.94579
B30,52.421196,-1.928083
B31,52.409132,-1.973099
B32,52.450842,-1.994493
B33,52.480728,-1.787949
B34,52.495667,-1.781678
B35,52.51731,-1.789954
B36,52.504538,-1.779926
B37_B40,52.477887,-1.741383
B38,52.401057,-1.934014
B42,52.534622,-1.904992
B43,52.547603,-1.928246
B44,52.544991,-1.885653
B45,52.388508,-2.008505
B46,52.507103,-1.697592
B47,52.388699,-1.881181
B48,52.356855,-1.951602
B49,52.217145,-1.867673
B50,52.169645,-1.856585
B60,52.323989,-2.050277
B61,52.344056,-2.06747
B62,52.459781,-2.03713
B63,52.453069,-2.067379
B64,52.472434,-2.069085
B65,52.482828,-2.043424
B66,52.493645,-1.965873
B67,52.487641,-1.977336
B68,52.480058,-2.001833
B69,52.50281,-2.025516
B70,52.519793,-2.002695
B71,52.534792,-1.9901
B72,52.554471,-1.823641
B73,52.559273,-1.83768
B74,52.582364,-1.857331
B75,52.577845,-1.81122
B76,52.544713,-1.789954
B77,52.620221,-1.671779
B78,52.606451,-1.674865
B79,52.648069,-1.682568
B80,52.279071,-1.897271
B90,52.401432,-1.826126
B91,52.413974,-1.780697
B92,52.435312,-1.7743
B93,52.383043,-1.742192
B94,52.352915,-1.791004
B95,52.287158,-1.780538
B96,52.254933,-1.959323
B97,52.303209,-1.949766
B98,52.303708,-1.91611
BA1,51.388818,-2.360251
BA2,51.362076,-2.376347
BA3,51.285546,-2.449335
BA4,51.174504,-2.533243
BA5,51.211672,-2.654742
BA6,51.143007,-2.709214
BA10_BA7,51.100077,-2.485212
BA8_BA9,51.038269,-2.41028
BA11,51.237564,-2.326459
BA12,51.174307,-2.187358
BA13,51.263027,-2.184562
BA14,51.319063,-2.202804
BA15,51.348444,-2.262333
BA16,51.12657,-2.743242
BA20,50.939035,-2.642668
BA21,50.951146,-2.63378
BA22,50.9682,-2.637563
BB1,53.755144,-2.46573
BB2,53.741845,-2.498035
BB3,53.697803,-2.466259
BB4,53.703411,-2.291149
BB5,53.75455,-2.372222
BB6,53.803932,-2.415657
BB7,53.871933,-2.389059
BB8,53.879282,-2.168059
BB9,53.837032,-2.215807
BB10,53.799422,-2.221699
BB11,53.784755,-2.25082
BB12,53.802047,-2.288901
BB18,53.914986,-2.172604
BD1,53.797306,-1.754302
BD2,53.81415,-1.736299
BD3,53.797929,-1.729957
BD4,53.776762,-1.721678
BD5,53.779317,-1.758347
BD6,53.76494,-1.784775
BD7_BD99,53.784425,-1.78053
BD8,53.801421,-1.780645
BD9,53.811505,-1.788119
BD10,53.830862,-1.726198
BD11,53.749811,-1.679421
BD12,53.74791,-1.762428
BD13,53.787625,-1.856044
BD14,53.783289,-1.817448
BD15,53.80804,-1.835099
BD16_BD97,53.847479,-1.831955
BD17_BD98,53.844792,-1.769055
BD18,53.830362,-1.776595
BD19,53.726652,-1.714379
BD20,53.895713,-1.946132
BD21,53.864592,-1.908335
BD22,53.846893,-1.952304
BD23,53.988871,-2.052194
BD24,54.077295,-2.281469
BH1,50.72527,-1.86313
BH2,50.721907,-1.881278
BH3,50.735517,-1.880236
BH4,50.721707,-1.900512
BH5,50.725769,-1.837097
BH6,50.727673,-1.809196
BH7,50.734543,-1.834192
BH8,50.739789,-1.85393
BH9,50.749827,-1.874819
BH10,50.759081,-1.893279
BH11,50.760792,-1.920011
BH12,50.737917,-1.92504
BH13,50.710433,-1.918308
BH14,50.722249,-1.945531
BH15,50.720859,-1.98486
BH16,50.738089,-2.044312
BH17,50.745832,-1.973212
BH18,50.75705,-1.991528
BH19,50.611452,-1.96989
BH20,50.6875,-2.144737
BH21,50.818303,-1.96463
BH22,50.806143,-1.889111
BH23,50.745347,-1.758597
BH24,50.846002,-1.787798
BH25,50.752295,-1.658614
BH31,50.874823,-1.86917
BL0,53.643335,-2.316237
BL1,53.58892,-2.440717
BL2,53.587723,-2.397856
BL11_BL3,53.56626,-2.431921
BL4,53.547327,-2.403378
BL5,53.551749,-2.517262
BL6,53.591136,-2.540102
BL7,53.628206,-2.423066
BL8,53.60191,-2.32368
BL9,53.592037,-2.288868
BN1,50.837195,-0.140097
BN2_BN88,50.824518,-0.108369
BN3,50.83443,-0.17535
BN5,50.924357,-0.268126
BN45_BN6,50.926872,-0.154988
BN7,50.878318,0.002861
BN8,50.912457,0.05077
BN9,50.795301,0.026748
BN10,50.795579,0.001785
BN11,50.813734,-0.375472
BN12_BN99,50.816687,-0.4032
BN13,50.830334,-0.406356
BN14,50.83077,-0.379932
BN15_BN95,50.830007,-0.325119
BN16,50.81548,-0.498
BN17,50.815284,-0.537167
BN18,50.848843,-0.578218
BN20,50.774037,0.254866
BN21,50.772107,0.274605
BN22,50.787896,0.283443
BN23,50.798473,0.312672
BN24,50.815592,0.325726
BN25,50.775954,0.107289
BN26,50.821421,0.224828
BN27,50.870791,0.26284
BN41,50.839103,-0.215311
BN42,50.836747,-0.232047
BN43,50.835436,-0.268076
BN44,50.892757,-0.318618
BR1,51.410732,0.019415
BR2,51.390367,0.021651
BR3,51.403432,-0.031687
BR4,51.375663,-0.009914
BR5,51.389215,0.102548
BR6,51.367389,0.092505
BR7,51.411811,0.059514
BR8,51.397625,0.174793
BS1,51.453877,-2.59211
BS2,51.45901,-2.581145
BS3,51.438569,-2.603415
BS4,51.436222,-2.563961
BS5,51.462153,-2.552834
BS6,51.470167,-2.598439
BS7,51.486643,-2.581605
BS8,51.457495,-2.619483
BS9,51.488307,-2.625372
BS10,51.505576,-2.611603
BS11,51.498727,-2.678466
BS13,51.41206,-2.611766
BS14,51.413183,-2.562762
BS15,51.454792,-2.496157
BS16,51.485523,-2.512241
BS20,51.480605,-2.756983
BS21,51.436132,-2.851408
BS22,51.360633,-2.928254
BS23,51.343497,-2.969554
BS24,51.331261,-2.924847
BS25_BS29,51.32332,-2.839879
BS26_BS28,51.257027,-2.835087
BS27,51.272389,-2.772277
BS30,51.446422,-2.475462
BS31,51.409571,-2.493446
BS32,51.541465,-2.561103
BS34,51.525276,-2.567779
BS35,51.597332,-2.548251
BS36,51.52619,-2.487852
BS37,51.540079,-2.418375
BS39,51.328139,-2.53286
BS40,51.346885,-2.693532
BS41,51.4235,-2.654423
BS48,51.426547,-2.749781
BS49,51.382424,-2.816022
BT1_BT3_BT7,54.595722,-5.925393
BT12_BT2,54.592707,-5.949533
BT4,54.602745,-5.868192
BT5,54.588616,-5.873893
BT6,54.580812,-5.898377
BT8,54.545363,-5.908342
BT9,54.572192,-5.950173
BT10,54.559791,-5.986452
BT11,54.576235,-5.998131
BT13,54.605762,-5.958469
BT14,54.621115,-5.962265
BT15,54.621876,-5.931642
BT16,54.590891,-5.798095
BT17,54.553195,-6.019519
BT18,54.640348,-5.823868
BT19,54.650798,-5.657916
BT20,54.659059,-5.665437
BT21,54.64071,-5.546944
BT22,54.503464,-5.514791
BT23,54.571716,-5.707671
BT24,54.4177,-5.871723
BT25,54.396521,-6.115809
BT26,54.454129,-6.063881
BT27,54.509172,-6.024242
BT28,54.521952,-6.084576
BT29,54.621319,-6.197429
BT30,54.333228,-5.702965
BT31,54.276875,-5.969012
BT32,54.336228,-6.247343
BT33,54.223237,-5.890808
BT34,54.153053,-6.181632
BT35,54.164918,-6.439638
BT36,54.678225,-5.959613
BT37,54.676417,-5.908255
BT38,54.72871,-5.801016
BT39,54.745133,-6.018104
BT40,54.846652,-5.822865
BT41,54.731422,-6.253682
BT42,54.854595,-6.276875
BT43,54.890549,-6.266001
BT44,54.973089,-6.283916
BT45,54.75977,-6.638906
BT46,54.865511,-6.662609
BT47,54.980462,-7.231091
BT48,55.008966,-7.327423
BT49,55.047543,-6.951814
BT51,55.06128,-6.683172
BT52,55.133639,-6.655938
BT53,55.085103,-6.477066
BT54_BT57,55.203493,-6.362701
BT55,55.179598,-6.709805
BT56,55.197503,-6.650721
BT60,54.292642,-6.647681
BT61,54.367013,-6.626014
BT62,54.412703,-6.464458
BT63,54.408268,-6.39281
BT64_BT65,54.446735,-6.376797
BT66,54.455264,-6.333375
BT67,54.486906,-6.268565
BT68_BT69_BT76_BT77,54.41169,-7.030972
BT70,54.51446,-6.881505
BT71,54.512605,-6.705766
BT74,54.344621,-7.663341
BT75_BT94,54.376121,-7.508037
BT78,54.572715,-7.372266
BT79,54.622233,-7.204606
BT80,54.645878,-6.744168
BT81,54.696047,-7.611976
BT82,54.826288,-7.431113
BT92,54.22377,-7.464883
BT93,54.467644,-7.826232
CA1,54.88713,-2.918298
CA2,54.884773,-2.950667
CA3,54.905895,-2.939956
CA4,54.856609,-2.820702
CA5,54.820644,-3.211323
CA6,54.987054,-2.868389
CA7,54.808457,-3.235139
CA8,54.939658,-2.688334
CA10_CA9,54.653541,-2.610554
CA11,54.66482,-2.782275
CA12,54.602284,-3.134375
CA13,54.660424,-3.367997
CA14,54.635129,-3.539579
CA15,54.711804,-3.482009
CA16_CA17,54.530673,-2.422925
CA18_CA19_CA20_CA21_LA19,54.38393,-3.434659
CA22_CA27,54.48219,-3.542809
CA23_CA24_CA26,54.529408,-3.498695
CA25,54.521581,-3.519471
CA28,54.543616,-3.579573
CB1,52.185979,0.16745
CB2,52.171884,0.129617
CB3,52.214065,0.033401
CB4,52.243725,0.117615
CB5,52.23364,0.199446
CB6,52.403225,0.224746
CB7,52.370161,0.311797
CB8,52.232964,0.420805
CB9,52.083042,0.439986
CB10,52.029373,0.258188
CB11,52.001861,0.213957
CB21,52.130398,0.279445
CB22,52.13321,0.135889
CB23,52.216772,-0.02278
CB24,52.275325,0.084463
CB25,52.256793,0.245504
CF3,51.518024,-3.118623
CF5,51.482957,-3.241476
CF10_CF99,51.473629,-3.177266
CF11,51.470648,-3.192533
CF14,51.520217,-3.202498
CF15,51.533825,-3.27108
CF23,51.513627,-3.145265
CF24,51.484734,-3.166383
CF31,51.507721,-3.57543
CF32,51.557688,-3.582803
CF33,51.524521,-3.68719
CF34,51.610774,-3.652668
CF35,51.521266,-3.527515
CF36,51.483967,-3.69979
CF37,51.601488,-3.334259
CF38,51.560912,-3.333486
CF39,51.601891,-3.426501
CF40,51.620505,-3.452746
CF41,51.647795,-3.48273
CF42,51.666613,-3.521937
CF43,51.656995,-3.449598
CF44,51.717257,-3.457158
CF45,51.670031,-3.362784
CF46,51.663897,-3.301481
CF47,51.750665,-3.375454
CF48,51.74261,-3.370598
CF61,51.409457,-3.481038
CF62,51.404227,-3.309178
CF63,51.410615,-3.260284
CF64,51.434484,-3.188131
CF71,51.456864,-3.464664
CF72,51.529849,-3.399715
CF81_NP24,51.705727,-3.242517
CF82,51.649447,-3.237146
CF83,51.585471,-3.220514
CH1_CH88,53.199017,-2.900009
CH2,53.215606,-2.870673
CH3,53.167839,-2.825795
CH4,53.169571,-2.938167
CH5,53.204761,-3.039123
CH6,53.249127,-3.144433
CH7,53.169419,-3.134236
CH8,53.28231,-3.241648
CH27_CH44,53.416196,-3.037826
CH34_CH65,53.278718,-2.903267
CH41,53.394683,-3.030747
CH42,53.375246,-3.022138
CH43,53.382878,-3.060151
CH45,53.42827,-3.050785
CH46,53.403843,-3.110937
CH47,53.395841,-3.170206
CH48,53.37259,-3.170838
CH49,53.380973,-3.103342
CH60,53.326943,-3.09643
CH61,53.347449,-3.101784
CH62,53.335859,-2.98215
CH63,53.345819,-3.011382
CH64,53.288367,-3.049267
CH66,53.277977,-2.935476
CM0,51.659633,0.832412
CM1,51.745331,0.465918
CM2,51.723687,0.48495
CM3,51.715679,0.586547
CM4,51.675019,0.388493
CM5_RM4,51.69571,0.224834
CM6,51.878429,0.372814
CM7,51.886067,0.547819
CM8,51.804951,0.638663
CM9,51.739423,0.695867
CM11,51.623963,0.442857
CM12,51.626857,0.414861
CM13,51.615435,0.334535
CM14,51.618927,0.295407
CM15,51.641277,0.304238
CM16,51.700206,0.118683
CM17,51.772549,0.140862
CM18,51.756672,0.104681
CM19,51.761388,0.074311
CM20,51.774561,0.10049
CM21,51.811963,0.147768
CM22,51.865237,0.217069
CM23,51.870938,0.159025
CM24,51.897702,0.206549
CM77,51.86763,0.552607
CO1,51.881504,0.891566
CO2,51.871045,0.895386
CO3,51.885331,0.858306
CO4,51.906794,0.920738
CO5,51.814078,0.822622
CO6,51.932757,0.793571
CO7,51.880864,1.002854
CO8_CO9,51.968541,0.627627
CO10,52.053905,0.72678
CO11,51.942419,1.075308
CO12,51.932293,1.255722
CO13,51.838153,1.237981
CO14,51.850261,1.267611
CO15,51.796667,1.155195
CO16,51.819516,1.125657
CR0_CR9,51.373866,-0.084982
CR2,51.345206,-0.095438
CR3,51.297806,-0.096786
CR4,51.402542,-0.144771
CR5,51.313332,-0.141434
CR6,51.303215,-0.057283
CR7,51.392709,-0.103508
CR8,51.336418,-0.110948
CT1,51.27874,1.0866
CT2,51.292157,1.081584
CT3,51.27708,1.207401
CT4,51.228109,1.067775
CT5,51.354266,1.034556
CT6,51.364251,1.12853
CT7,51.371663,1.302447
CT8,51.380557,1.340578
CT9,51.384015,1.388114
CT10,51.362901,1.429154
CT11,51.336487,1.412433
CT12,51.343162,1.370593
CT13,51.268806,1.33082
CT14,51.217404,1.386928
CT15,51.171316,1.283559
CT16,51.139281,1.301494
CT17,51.128738,1.295283
CT18,51.112591,1.15052
CT19,51.088379,1.168496
CT20,51.079655,1.165349
CT21,51.073084,1.077955
CV1,52.408984,-1.507482
CV2,52.423317,-1.467702
CV3,52.393893,-1.482856
CV4,52.399637,-1.555588
CV5,52.411895,-1.548324
CV6,52.430918,-1.50722
CV7,52.44231,-1.559032
CV8,52.351161,-1.547647
CV9,52.584295,-1.559046
CV10,52.525604,-1.498876
CV11,52.520159,-1.456946
CV12,52.477025,-1.473736
CV13,52.608024,-1.417859
CV21,52.370699,-1.271622
CV22,52.357858,-1.283553
CV23,52.349845,-1.302937
CV31,52.280008,-1.527051
CV32,52.295683,-1.531905
CV33,52.238045,-1.442886
CV34,52.2845,-1.585043
CV35,52.232195,-1.595466
CV36,52.071118,-1.629898
CV37,52.18725,-1.714894
CV47,52.236639,-1.386463
CW1,53.09977,-2.430614
CW2,53.081397,-2.445758
CW3,53.003591,-2.410966
CW4,53.204141,-2.34036
CW5,53.063235,-2.521923
CW6,53.161607,-2.667383
CW7,53.190668,-2.527559
CW8,53.254157,-2.559471
CW9,53.259579,-2.50401
CW10,53.189055,-2.448976
CW11,53.143215,-2.365116
CW12,53.166248,-2.215872
DA1,51.447304,0.209393
DA2,51.433242,0.231904
DA3,51.385949,0.306394
DA4,51.392799,0.23081
DA5,51.441022,0.147447
DA6,51.456117,0.138918
DA7,51.46503,0.143386
DA8,51.476092,0.179771
DA9,51.448207,0.280603
DA10,51.443157,0.30078
DA11,51.435438,0.351706
DA12,51.430564,0.384145
DA13,51.386057,0.354271
DA14,51.425887,0.110452
DA15,51.439846,0.098935
DA16,51.464477,0.109011
DA17,51.486661,0.150523
DA18,51.491464,0.145955
DD1,56.461823,-2.977348
DD2,56.471042,-3.027682
DD3,56.48198,-2.98935
DD4,56.481885,-2.935728
DD5,56.479483,-2.863317
DD6,56.437041,-2.926787
DD7,56.50277,-2.719487
DD8,56.656108,-2.921706
DD9,56.747556,-2.666796
DD10,56.745411,-2.430768
DD11,56.572386,-2.597884
DE1,52.918925,-1.47268
DE3,52.915423,-1.508545
DE4,53.143799,-1.585436
DE5,53.056841,-1.425851
DE6,52.962945,-1.667838
DE7,52.939933,-1.343008
DE11,52.773035,-1.557017
DE12,52.72762,-1.554234
DE13,52.807879,-1.687798
DE14,52.80713,-1.638821
DE15,52.799649,-1.610348
DE21,52.932519,-1.435272
DE22,52.933035,-1.497582
DE23,52.899417,-1.49977
DE24,52.890498,-1.453472
DE45,53.214337,-1.677397
DE55,53.099571,-1.371946
DE56,53.02115,-1.476962
DE65,52.866438,-1.620019
DE72,52.894071,-1.366911
DE73,52.849419,-1.438533
DE74,52.848126,-1.340841
DE75,53.012063,-1.353271
DG1,55.073268,-3.585539
DG2,55.065285,-3.656894
DG3_DG4,55.292851,-3.862258
DG5,54.921523,-3.813007
DG6,54.837174,-4.05555
DG7,54.966205,-4.008693
DG8,54.874452,-4.514149
DG9,54.87854,-5.022871
DG10_DG13_DG14_DG16,55.17438,-3.189093
DG11,55.114662,-3.340795
DG12,54.989815,-3.2516
DH1_DH99,54.782638,-1.562432
DH2,54.859905,-1.598294
DH3,54.87015,-1.569449
DH4,54.852927,-1.490316
DH5,54.824562,-1.455855
DH6,54.753609,-1.464768
DH7,54.789435,-1.661577
DH8,54.853291,-1.833011
DH9,54.867836,-1.710958
DL1,54.528021,-1.541354
DL2,54.527526,-1.592291
DL3,54.531181,-1.569042
DL4,54.630827,-1.645646
DL5,54.616226,-1.576956
DL6,54.368052,-1.393993
DL7,54.336994,-1.479252
DL8,54.294652,-1.785224
DL9,54.376037,-1.710853
DL10,54.413142,-1.699688
DL11,54.439051,-1.871277
DL12,54.570528,-1.982099
DL13,54.716627,-1.951985
DL14,54.653333,-1.690208
DL15,54.7096,-1.729104
DL16,54.699088,-1.60382
DL17,54.681165,-1.543049
DN1,53.521046,-1.118338
DN2,53.532662,-1.104174
DN3,53.543736,-1.064764
DN4,53.505957,-1.122086
DN5,53.536723,-1.171191
DN6,53.594718,-1.177048
DN7,53.580347,-1.017574
DN8,53.614499,-0.956391
DN9,53.505584,-0.904714
DN10,53.426528,-0.941428
DN11,53.4495,-1.083597
DN12,53.483243,-1.223653
DN14,53.707724,-0.93464
DN15,53.609631,-0.652549
DN16,53.568388,-0.640012
DN17,53.573298,-0.703157
DN18,53.681819,-0.446338
DN19_DN39,53.662064,-0.353436
DN20,53.557933,-0.50358
DN21,53.417335,-0.710043
DN22,53.32464,-0.929853
DN31,53.57092,-0.084552
DN32,53.56322,-0.071098
DN33,53.540605,-0.098526
DN34,53.558084,-0.112043
DN35,53.555542,-0.037955
DN36,53.513692,-0.040156
DN37,53.55095,-0.149477
DN38_LN7,53.509997,-0.357215
DN40,53.621647,-0.22404
DN41,53.584753,-0.195613
DT1,50.712409,-2.443916
DT2,50.748501,-2.449627
DT3,50.640448,-2.466911
DT4,50.609868,-2.463211
DT5,50.549344,-2.442855
DT6,50.738688,-2.774797
DT7,50.729261,-2.945795
DT8,50.814914,-2.757975
DT9,50.942577,-2.516775
DT10,50.936998,-2.331495
DT11,50.861426,-2.179911
DY1,52.515145,-2.094362
DY2,52.49758,-2.0826
DY3,52.529766,-2.128584
DY4,52.531863,-2.054453
DY5,52.480934,-2.122827
DY6,52.498872,-2.164393
DY7,52.464658,-2.217992
DY8,52.459967,-2.153961
DY9,52.437528,-2.124184
DY10,52.386202,-2.229219
DY11,52.385376,-2.260418
DY12,52.38645,-2.323785
DY13,52.337188,-2.28087
DY14,52.380898,-2.456034
E1,51.516256,-0.060418
E1W_E98_EC3N,51.511807,-0.065972
E2,51.530129,-0.06224
E3,51.528156,-0.025808
E4,51.62381,-0.003246
E5,51.559318,-0.054547
E6,51.525187,0.055155
E7,51.54755,0.026164
E8,51.54128,-0.065033
E9,51.541866,-0.046555
E10,51.568709,-0.012765
E11,51.567376,0.011669
E12,51.55103,0.050821
E13,51.528187,0.02579
E14,51.507636,-0.020875
E15,51.538692,0.00061
E16,51.511528,0.020556
E17,51.5864,-0.020201
E18,51.592575,0.025529
E20,51.546505,-0.0101
EC1A_EC2A_EC2M_EC2N_EC2P_EC2R_EC2V_EC2Y_EC3A_EC3M_EC3R_EC3V_EC4A_EC4M_EC4N_EC4R_EC4V_EC4Y,51.516599,-0.094013
EC1M_EC1Y,51.522163,-0.098931
EC1N_WC1A_WC1B_WC1E_WC1R_WC1V_WC2A,51.518762,-0.119712
EC1R,51.524494,-0.108974
EC1V,51.5265,-0.099312
EH1_EH2,55.952723,-3.196234
EH3,55.952506,-3.20427
EH4,55.962389,-3.255506
EH5,55.974488,-3.219199
EH6,55.97113,-3.173939
EH7,55.959927,-3.164936
EH8_EH99,55.949941,-3.166392
EH9,55.933169,-3.186954
EH10,55.921525,-3.210806
EH11,55.933353,-3.251416
EH12,55.941421,-3.273915
EH13,55.90861,-3.242566
EH14,55.91152,-3.280981
EH15,55.947133,-3.113041
EH16,55.923711,-3.151473
EH17,55.90707,-3.144346
EH18_EH24_EH25,55.863315,-3.147519
EH19,55.872471,-3.105062
EH20,55.87867,-3.154238
EH21,55.939029,-3.046899
EH22,55.885525,-3.06164
EH23_EH37,55.846115,-3.031573
EH26,55.832994,-3.223976
EH27_EH55,55.857516,-3.541699
EH28_EH29,55.940777,-3.399706
EH30,55.982679,-3.378272
EH31_EH39_EH40,56.040037,-2.737809
EH32,55.966407,-2.953169
EH33,55.94184,-2.945062
EH34_EH35_EH36,55.907481,-2.906994
EH38_EH43_EH44_TD10_TD2_TD3_TD4,55.67387,-2.781615
EH41,55.94956,-2.777275
EH42,55.993897,-2.524658
EH45_EH46,55.672285,-3.225053
EH47,55.860686,-3.664503
EH48,55.898439,-3.660955
EH49,55.976806,-3.602778
EH51,56.011582,-3.605423
EH52,55.935986,-3.489365
EH53,55.893955,-3.476947
EH54,55.892008,-3.524845
EN1,51.653212,-0.070679
EN2,51.65851,-0.091703
EN3,51.658176,-0.041649
EN4,51.648058,-0.162712
EN5,51.648337,-0.19066
EN6,51.69903,-0.179766
EN7,51.70825,-0.064532
EN8,51.696262,-0.033224
EN9,51.694629,0.010477
EN10,51.74091,-0.021126
EN11,51.763872,-0.009329
EX1,50.726614,-3.510651
EX2,50.711472,-3.515389
EX3,50.693885,-3.459797
EX4,50.730246,-3.526525
EX5,50.754854,-3.437317
EX6,50.675742,-3.592695
EX7,50.585935,-3.470941
EX8,50.628468,-3.403052
EX9,50.638943,-3.323663
EX10,50.691953,-3.245726
EX11,50.747149,-3.288681
EX12_EX24,50.715614,-3.08298
EX13,50.773813,-3.025421
EX14,50.810973,-3.20014
EX15,50.875642,-3.345855
EX16,50.920543,-3.490926
EX17_EX18,50.824931,-3.731612
EX19_EX38,50.917197,-4.089672
EX20,50.750814,-4.015391
EX21_EX22,50.819317,-4.317075
EX23,50.824955,-4.534232
EX31_EX35,51.101417,-4.040207
EX32,51.073205,-4.027001
EX33,51.112587,-4.166254
EX34,51.199199,-4.107667
EX36_EX37,51.004749,-3.849762
EX39,51.016009,-4.242757
FK1,55.988697,-3.793031
FK2,56.004984,-3.757878
FK3,56.011935,-3.720371
FK4,55.997595,-3.907351
FK5,56.025483,-3.820215
FK6,56.021586,-3.914622
FK7,56.099375,-3.918026
FK8,56.129081,-4.034649
FK9,56.14158,-3.941405
FK10,56.115006,-3.78334
FK11_FK12,56.15138,-3.818089
FK13,56.150204,-3.742535
FK14_PH4_PH5_PH6,56.257637,-3.797724
FK15,56.200076,-3.952227
FK16_FK17_FK18_FK19_FK20_FK21,56.285977,-4.231851
FY1,53.816083,-3.048252
FY2,53.844375,-3.040233
FY3,53.821051,-3.02266
FY4,53.792005,-3.030564
FY5,53.8736,-3.02429
FY6,53.865075,-2.980531
FY7,53.916552,-3.025489
FY8,53.750399,-3.006471
G1_G2,55.862388,-4.253474
G3,55.866308,-4.270268
G4,55.868136,-4.251631
G5,55.847728,-4.254019
G11,55.873522,-4.313257
G12,55.879659,-4.30203
G13,55.892863,-4.347161
G14,55.880143,-4.35056
G15,55.910339,-4.366945
G20,55.885489,-4.282041
G21,55.880489,-4.222829
G22,55.889565,-4.252607
G23,55.902171,-4.285257
G31,55.856207,-4.20935
G32,55.848802,-4.166305
G33,55.872934,-4.165073
G34,55.867886,-4.112491
G40,55.847518,-4.221155
G41,55.838652,-4.281638
G42,55.834026,-4.258658
G43,55.818462,-4.292293
G44,55.814156,-4.257686
G45,55.804589,-4.233099
G46,55.80437,-4.306959
G51,55.857417,-4.313149
G52,55.849577,-4.353189
G53,55.820905,-4.352454
G60,55.918376,-4.443904
G61,55.919184,-4.330262
G62,55.942562,-4.320344
G63,56.042575,-4.369396
G64,55.910913,-4.217931
G65,55.972122,-4.09997
G66,55.940275,-4.154398
G67,55.947817,-3.985715
G68,55.953253,-4.010659
G69,55.874013,-4.102529
G71,55.821721,-4.075563
G72,55.804535,-4.13048
G73,55.82176,-4.206868
G74_G79,55.767828,-4.177807
G75,55.751285,-4.195218
G76,55.778267,-4.273381
G77,55.774024,-4.331264
G78,55.793515,-4.409043
G81,55.912076,-4.407177
G82,55.950961,-4.573537
G83,56.011826,-4.587424
G84,56.013983,-4.754656
GL1,51.857625,-2.244882
GL2,51.841247,-2.269963
GL3,51.859815,-2.180899
GL4,51.842947,-2.21886
GL5,51.739265,-2.22118
GL6,51.73829,-2.198795
GL7,51.711445,-1.905819
GL8,51.641527,-2.169169
GL12_GL9,51.615637,-2.367648
GL10,51.744086,-2.28284
GL11,51.692068,-2.35729
GL13,51.693115,-2.453654
GL14,51.818306,-2.482676
GL15,51.735083,-2.550038
GL16,51.79509,-2.613204
GL17,51.854914,-2.508145
GL18,51.940701,-2.413916
GL19,51.938164,-2.283939
GL20,52.002777,-2.131194
GL50,51.901482,-2.081489
GL51,51.896669,-2.108286
GL52,51.922104,-2.060696
GL53,51.882029,-2.069055
GL54,51.897966,-1.868028
GL55,52.062442,-1.771147
GL56,51.990131,-1.704037
GU1,51.243112,-0.570124
GU2,51.244781,-0.593011
GU3,51.246893,-0.621879
GU4,51.243,-0.546699
GU5,51.206334,-0.522057
GU6,51.141059,-0.484798
GU7,51.188926,-0.610693
GU8,51.15207,-0.639876
GU9,51.217895,-0.795936
GU10,51.198421,-0.797418
GU11,51.249634,-0.762398
GU12,51.251994,-0.733557
GU14,51.291055,-0.76142
GU15,51.335572,-0.750448
GU16,51.313771,-0.731219
GU17,51.336713,-0.806601
GU18,51.347501,-0.663169
GU19_GU20,51.363234,-0.673979
GU21,51.319856,-0.577384
GU22,51.313345,-0.553182
GU23,51.29771,-0.511004
GU24,51.330033,-0.625431
GU25,51.401385,-0.569713
GU26,51.110254,-0.746049
GU27,51.083558,-0.722231
GU28,50.991127,-0.628456
GU29,50.984406,-0.746591
GU30,51.0755,-0.803643
GU31,50.997771,-0.908397
GU32,51.007839,-0.961045
GU33,51.047923,-0.893578
GU34,51.140532,-0.984808
GU35,51.116739,-0.851133
GU46,51.338368,-0.823909
GU47,51.347585,-0.793109
GU51,51.285247,-0.839941
GU52,51.26597,-0.838274
HA0,51.550131,-0.304748
HA1,51.581301,-0.33618
HA2,51.575688,-0.35496
HA3,51.59155,-0.322913
HA4,51.570787,-0.41044
HA5,51.594651,-0.385867
HA6,51.610029,-0.420616
HA7,51.609681,-0.307029
HA8,51.61159,-0.275248
HA9,51.558672,-0.290002
HD1,53.646878,-1.786325
HD2,53.666893,-1.776697
HD3,53.652827,-1.830285
HD4,53.627227,-1.797342
HD5,53.647575,-1.748803
HD6,53.701715,-1.782782
HD7,53.598966,-1.829286
HD8,53.600678,-1.675497
HD9,53.579137,-1.795717
HG1,53.999764,-1.532696
HG2,53.987709,-1.52804
HG3,54.030388,-1.614467
HG4,54.153972,-1.559525
HG5,54.013176,-1.459592
HP1,51.754752,-0.48036
HP2,51.762063,-0.454408
HP3,51.737281,-0.471639
HP4,51.766749,-0.567762
HP5,51.713056,-0.60858
HP6,51.677437,-0.60157
HP7,51.666339,-0.61042
HP8,51.644754,-0.576048
HP9,51.61038,-0.642013
HP10,51.610769,-0.710218
HP11,51.625258,-0.746451
HP12,51.624746,-0.778142
HP13,51.633027,-0.741447
HP14,51.648497,-0.825772
HP15,51.653323,-0.717458
HP16,51.702386,-0.717919
HP17,51.749794,-0.851796
HP18,51.81676,-0.960984
HP19,51.823836,-0.826363
HP20,51.819668,-0.807424
HP21,51.806902,-0.806193
HP22,51.800316,-0.76859
HP23,51.794949,-0.662244
HP27,51.721731,-0.830768
HR1,52.057447,-2.688862
HR2,52.013514,-2.778099
HR3_HR5,52.129692,-3.054374
HR4,52.084676,-2.761041
HR6,52.231719,-2.768594
HR7,52.184388,-2.525042
HR8,52.044193,-2.442221
HR9,51.908439,-2.581521
HS1,58.21208,-6.381426
HS2_HS3_HS4_HS5,58.167782,-6.541538
HS6_HS7_HS8_HS9,57.344012,-7.355754
HU1_HU2,53.745238,-0.337035
HU3,53.741329,-0.365435
HU4,53.736453,-0.399395
HU5,53.759477,-0.374516
HU6,53.780879,-0.368851
HU7,53.788741,-0.330166
HU8,53.767775,-0.305022
HU9,53.753619,-0.296124
HU10,53.747846,-0.44033
HU11,53.830429,-0.237119
HU12,53.723951,-0.135368
HU13,53.724609,-0.43702
HU14,53.727391,-0.488572
HU15,53.74721,-0.618548
HU16,53.781336,-0.421515
HU17,53.846081,-0.426254
HU18,53.908688,-0.170244
HU19,53.72328,0.034133
HU20_YO43,53.846107,-0.670454
HX1,53.721719,-1.867921
HX2,53.738344,-1.904235
HX3,53.726382,-1.845894
HX4,53.680683,-1.879918
HX5,53.686459,-1.836139
HX6,53.698577,-1.923217
HX7,53.739352,-2.008958
IG1,51.559178,0.072741
IG2,51.573298,0.079463
IG3,51.562486,0.097763
IG4,51.577204,0.054947
IG5,51.585901,0.064721
IG6,51.591779,0.086952
IG7,51.613705,0.087404
IG8,51.610584,0.035416
IG9,51.624061,0.038898
IG10,51.648335,0.065322
IG11,51.534936,0.091839
IP1,52.062642,1.142371
IP2,52.046278,1.134469
IP3,52.042129,1.184919
IP4,52.059606,1.175799
IP10_IP5,52.0464,1.251166
IP6,52.128248,1.112145
IP7,52.06624,0.949631
IP8,52.063322,1.082802
IP9,51.99319,1.147918
IP11,51.966904,1.333974
IP12,52.093974,1.364391
IP13,52.184444,1.320656
IP14,52.204367,1.028949
IP15_IP16,52.187571,1.587848
IP17,52.229958,1.501417
IP18_IP19,52.337285,1.552491
IP20,52.405862,1.318428
IP21,52.365672,1.229361
IP22_IP98,52.377963,1.072583
IP23,52.313498,1.120752
IP24,52.418872,0.755784
IP25,52.577853,0.834406
IP26,52.505721,0.576695
IP27,52.429774,0.583605
IP28,52.327601,0.537299
IP29,52.195413,0.66297
IP30,52.211754,0.835444
IP31,52.289688,0.825355
IP32,52.253423,0.719096
IP33,52.243255,0.712472
IV1_IV10_IV11_IV8_IV9,57.501327,-4.187995
IV2,57.468158,-4.190687
IV3,57.463261,-4.271779
IV21_IV22_IV4_IV52_IV53_IV54,57.539006,-5.163893
IV5_IV6,57.509545,-4.449306
IV7,57.583776,-4.392732
IV12,57.574321,-3.865071
IV13_PH20_PH22_PH23_PH24_PH25_PH26,57.245337,-3.782126
IV14_IV16_IV23_IV24,57.704109,-4.568109
IV15,57.598524,-4.431161
IV17,57.698629,-4.255992
IV18,57.700813,-4.15629
IV19_IV20,57.799194,-4.007261
IV25_IV28_KW10_KW11_KW12_KW13_KW2_KW3_KW5_KW6_KW7_KW8_KW9,58.074241,-3.817866
IV26_IV27,58.159253,-4.919634
IV30,57.65385,-3.32803
IV31,57.717029,-3.290655
IV36,57.610152,-3.607176
IV40_IV63_PH31_PH32_PH35,57.23811,-5.113909
IV41_IV42_IV43_IV44_IV45_IV46_IV47_IV48_IV49_IV55_IV56_PH42_PH43_PH44,57.283894,-6.177692
IV51,57.485238,-6.250027
KA1,55.59709,-4.496924
KA2,55.596747,-4.561295
KA3,55.642835,-4.496835
KA4,55.599365,-4.384742
KA5,55.509201,-4.384581
KA6,55.417722,-4.50908
KA7,55.45052,-4.630571
KA8,55.47146,-4.613765
KA9,55.498257,-4.606036
KA10,55.549473,-4.650081
KA11,55.617604,-4.629601
KA12,55.617937,-4.665868
KA13,55.655321,-4.700128
KA14_KA24,55.713791,-4.710081
KA15,55.748412,-4.62695
KA16_KA17,55.60883,-4.312481
KA18,55.45082,-4.241983
KA19,55.34639,-4.669924
KA20,55.640753,-4.753188
KA21,55.641134,-4.784813
KA22,55.648756,-4.807582
KA23_KA28_KA29,55.715956,-4.868743
KA25,55.752306,-4.689058
KA26,55.220071,-4.836095
KA27_PA28,55.482619,-5.406818
KA30_PA17,55.807841,-4.865446
KT1,51.407092,-0.297606
KT2,51.416129,-0.291051
KT3,51.399671,-0.256805
KT4,51.378676,-0.243077
KT5,51.39278,-0.287888
KT6,51.38969,-0.300621
KT7,51.390229,-0.3287
KT8,51.401594,-0.366927
KT9,51.36474,-0.303178
KT10,51.371046,-0.357179
KT11,51.328164,-0.404699
KT12,51.37735,-0.408754
KT13,51.369203,-0.451436
KT14,51.340166,-0.486372
KT15,51.364999,-0.494581
KT16,51.38416,-0.513911
KT17,51.339777,-0.253033
KT18,51.318956,-0.263665
KT19,51.350027,-0.269346
KT20,51.287039,-0.231877
KT21,51.310942,-0.302933
KT22,51.300627,-0.337637
KT23,51.281954,-0.370936
KT24,51.2692,-0.430066
KW1,58.455899,-3.118707
KW14,58.588571,-3.556022
KW15_KW16,58.974935,-3.044187
KW17,59.030163,-3.007531
KY1,56.126504,-3.141265
KY2,56.122521,-3.18304
KY3,56.063028,-3.231981
KY4,56.113958,-3.361756
KY5,56.14436,-3.295395
KY6,56.196615,-3.196604
KY7,56.210702,-3.155084
KY8,56.197087,-3.012459
KY10_KY9,56.22484,-2.734445
KY11,56.049545,-3.412353
KY12,56.075925,-3.488554
KY13,56.207986,-3.431522
KY14,56.310892,-3.23237
KY15,56.300948,-3.050989
KY16,56.341302,-2.818952
L1_L2_L75,53.405625,-2.985227
L3_L74,53.408573,-2.985626
L4,53.437808,-2.962042
L5,53.424835,-2.977637
L6,53.418598,-2.953337
L69_L7,53.402925,-2.968431
L8,53.390177,-2.963993
L67_L9,53.460517,-2.952519
L10,53.473727,-2.928133
L11,53.447362,-2.914671
L12,53.434574,-2.896748
L13,53.415123,-2.921589
L14,53.419094,-2.881738
L15,53.397287,-2.922655
L16,53.398141,-2.892256
L17,53.378615,-2.942175
L18,53.380541,-2.909396
L19,53.358157,-2.903092
L20,53.452224,-2.990118
L21,53.470697,-3.000451
L22,53.476733,-3.027475
L23,53.489297,-3.024408
L24_L70,53.362821,-2.879767
L25,53.379009,-2.863895
L26,53.365561,-2.836296
L27,53.388171,-2.84001
L28,53.435199,-2.866527
L29_L30_L38,53.490738,-2.986166
L31,53.513443,-2.938699
L32,53.478528,-2.889401
L33,53.488777,-2.876069
L34,53.435387,-2.815133
L35,53.416435,-2.785058
L36,53.41425,-2.841488
L37,53.556989,-3.063827
L39,53.562946,-2.893433
L40,53.598924,-2.846441
LA1,54.04696,-2.800226
LA2,54.066098,-2.675014
LA3,54.051958,-2.878019
LA4,54.07036,-2.854638
LA5,54.143174,-2.790005
LA6,54.174581,-2.61649
LA7,54.225942,-2.773135
LA10_LA8,54.32092,-2.680761
LA9,54.32623,-2.743937
LA11,54.199575,-2.924129
LA12,54.202542,-3.084103
LA13,54.118277,-3.199207
LA14,54.11783,-3.230595
LA15_LA16,54.164612,-3.186628
LA17_LA20_LA21_LA22,54.381834,-3.040693
LA18,54.215177,-3.27545
LA23,54.372584,-2.912642
LD1,52.258027,-3.367744
LD2,52.143082,-3.394945
LD3,51.958129,-3.374358
LD4_LD5_LD6_SY18,52.320499,-3.550072
LD7_LD8,52.311368,-3.070881
LE1_LE87,52.63346,-1.132054
LE2,52.611197,-1.117971
LE3,52.626959,-1.181562
LE4,52.662668,-1.122525
LE5,52.63695,-1.09294
LE6,52.713679,-1.363795
LE7,52.685506,-1.070588
LE8,52.564387,-1.107928
LE9,52.57198,-1.270891
LE10,52.537453,-1.370377
LE11,52.770429,-1.220357
LE12,52.768402,-1.192197
LE13,52.766553,-0.883882
LE14,52.782799,-0.895651
LE15,52.65919,-0.706446
LE16,52.485148,-0.898833
LE17,52.467557,-1.181678
LE18,52.583346,-1.111657
LE19,52.585634,-1.21324
LE65,52.748484,-1.469768
LE67,52.716016,-1.362656
LL11,53.059195,-3.02739
LL12,53.085873,-2.990318
LL13,53.036338,-2.963579
LL14,52.992425,-3.052569
LL15,53.105119,-3.315438
LL16,53.18524,-3.430985
LL17,53.255412,-3.438767
LL18,53.311848,-3.477824
LL19,53.331431,-3.410605
LL20,52.960957,-3.162153
LL21,52.988782,-3.408344
LL22,53.271634,-3.59128
LL23_LL37_LL38_LL39_LL40_LL42,52.777388,-3.86696
LL24_LL25_LL26_LL27,53.102402,-3.798907
LL28,53.289034,-3.759005
LL29,53.290759,-3.71256
LL30,53.317121,-3.817887
LL31,53.291222,-3.810849
LL32_LL34,53.265374,-3.868469
LL33_LL57,53.215542,-4.097361
LL35_LL36,52.588039,-4.058934
LL41_LL43_LL44_LL45_LL46_LL47,52.913199,-4.004197
LL48_LL49_LL51_LL52,52.93258,-4.154019
LL53_LL56,52.911958,-4.461865
LL54,53.060412,-4.285963
LL55,53.133811,-4.211054
LL58_LL59,53.25609,-4.13211
LL60_LL62_LL63_LL64,53.21738,-4.392272
LL61,53.197046,-4.258997
LL65,53.301035,-4.575051
LL66_LL67_LL68_LL71,53.38476,-4.38773
LL69_LL70_LL72_LL73_LL74_LL75_LL76_LL78,53.32435,-4.2491
LL77,53.259468,-4.31261
LN1,53.255928,-0.584265
LN2,53.258986,-0.511382
LN3,53.2808,-0.338827
LN4,53.15316,-0.390577
LN5,53.187061,-0.553232
LN6,53.202784,-0.596372
LN8,53.375517,-0.329115
LN9,53.216033,-0.111809
LN10,53.157678,-0.216143
LN11,53.372484,0.022528
LN12,53.329642,0.26285
LN13,53.264829,0.182909
LS1,53.797368,-1.552907
LS2,53.801456,-1.547479
LS3,53.801567,-1.563217
LS4,53.808466,-1.582746
LS5,53.818144,-1.602408
LS6,53.818523,-1.566406
LS7,53.817713,-1.540489
LS8,53.821712,-1.512313
LS9,53.798836,-1.511858
LS10,53.765303,-1.531745
LS11_LS98,53.778017,-1.556651
LS12,53.791417,-1.595304
LS13,53.811093,-1.634879
LS14,53.827069,-1.458219
LS15,53.806715,-1.446375
LS16,53.850532,-1.604192
LS17,53.858282,-1.529043
LS18,53.840964,-1.644621
LS19,53.860743,-1.685784
LS20,53.873334,-1.713715
LS21,53.910251,-1.682805
LS22,53.93165,-1.392768
LS23,53.906583,-1.352996
LS24,53.871416,-1.255008
LS25,53.786108,-1.326169
LS26,53.756228,-1.443976
LS27,53.749102,-1.604898
LS28,53.801608,-1.669167
LS29,53.919717,-1.804599
LU1,51.876312,-0.424665
LU2,51.890812,-0.397934
LU3,51.906903,-0.443489
LU4,51.898518,-0.465318
LU5,51.907322,-0.514686
LU6,51.88085,-0.532822
LU7,51.910929,-0.662004
M1,53.477725,-2.236822
M2_M4_M60_M99,53.483719,-2.235127
M3,53.483469,-2.252177
M5,53.479718,-2.285809
M6,53.491499,-2.295939
M7,53.504259,-2.261608
M8,53.508978,-2.240881
M9,53.521655,-2.214392
M11,53.478404,-2.183293
M12,53.465625,-2.205514
M13,53.462147,-2.217123
M14,53.446948,-2.225054
M15,53.465995,-2.252458
M16,53.455926,-2.265074
M17_M32,53.45524,-2.310477
M18,53.461614,-2.172842
M19,53.437709,-2.195514
M20,53.425103,-2.231674
M21,53.438831,-2.273398
M22_M90,53.382746,-2.262698
M23,53.397104,-2.286584
M24,53.552122,-2.198768
M25,53.533262,-2.279953
M26,53.562141,-2.334005
M27,53.512227,-2.338129
M28,53.516536,-2.39846
M29,53.515078,-2.470449
M30,53.475755,-2.367859
M31,53.443279,-2.380349
M33,53.422577,-2.324934
M34,53.454802,-2.116068
M35,53.497708,-2.152567
M38,53.529813,-2.420239
M40,53.502799,-2.193711
M41,53.451182,-2.362854
M43,53.483227,-2.149303
M44,53.440713,-2.427135
M45,53.544949,-2.289849
M46,53.525543,-2.492209
M50,53.476676,-2.289948
ME1,51.375598,0.499894
ME2,51.391329,0.484697
ME3,51.431241,0.546391
ME4,51.381035,0.52784
ME5,51.352121,0.531571
ME6,51.324262,0.438812
ME7,51.380353,0.554851
ME8,51.361966,0.59488
ME11_ME9,51.345327,0.726574
ME10,51.342706,0.735432
ME12,51.424628,0.798871
ME13,51.305046,0.894612
ME14,51.27658,0.537877
ME15,51.255024,0.532601
ME16,51.273342,0.499102
ME17,51.236705,0.60354
ME18,51.244584,0.422907
ME19,51.293833,0.411239
ME20,51.305958,0.458906
MK1_MK7,52.015434,-0.706082
MK2,51.991879,-0.72555
MK3,51.995657,-0.75025
MK4,52.004967,-0.776628
MK5,52.019523,-0.776945
MK6,52.029213,-0.739289
MK8,52.036092,-0.80809
MK15_MK9,52.045335,-0.741923
MK10,52.037392,-0.695871
MK11,52.050034,-0.835746
MK12,52.057026,-0.817934
MK13,52.052214,-0.789566
MK14,52.059565,-0.768802
MK16,52.088275,-0.721281
MK17,51.997844,-0.699272
MK18,51.980573,-0.97081
MK19,52.070485,-0.851898
MK40,52.137321,-0.474331
MK41,52.15047,-0.450518
MK42,52.119681,-0.474139
MK43,52.11694,-0.550764
MK44,52.188552,-0.430069
MK45,52.029475,-0.472696
MK46,52.152662,-0.696102
ML1,55.797541,-3.977215
ML2,55.776677,-3.915167
ML3,55.771164,-4.052907
ML4,55.818718,-4.021408
ML5,55.859601,-4.030709
ML6,55.867725,-3.963123
ML7,55.829797,-3.795872
ML8,55.727798,-3.837877
ML9,55.72559,-3.968385
ML10,55.684431,-4.062264
ML11,55.666199,-3.788966
ML12,55.572553,-3.589837
N1,51.537581,-0.098254
N1C_NW1,51.532342,-0.142443
N2,51.590289,-0.168653
N3,51.600409,-0.194107
N4,51.571008,-0.104095
N5,51.553776,-0.098588
N6,51.571508,-0.140822
N7,51.553735,-0.118002
N8,51.582341,-0.120125
N9,51.627854,-0.058778
N10,51.593907,-0.144284
N11,51.614166,-0.138276
N12,51.615332,-0.178435
N13,51.621031,-0.103686
N14,51.63328,-0.129957
N15,51.580976,-0.085379
N16,51.56429,-0.076803
N17,51.59748,-0.071108
N18,51.613672,-0.064802
N19,51.565434,-0.128313
N20,51.629561,-0.174782
N21,51.635555,-0.099618
N22,51.599988,-0.11405
NE1,54.972504,-1.613052
NE2,54.986231,-1.606452
NE3,55.009864,-1.633591
NE4,54.97277,-1.643821
NE5,54.995343,-1.688441
NE6,54.977208,-1.567341
NE7_NE88,54.995865,-1.580599
NE8,54.956295,-1.605046
NE9,54.931644,-1.587648
NE10,54.948404,-1.556983
NE11,54.940093,-1.631763
NE12,55.025547,-1.569947
NE13,55.042364,-1.646926
NE15,54.983178,-1.719058
NE16,54.934953,-1.693337
NE17_NE39,54.92222,-1.779455
NE18_NE43_NE44_NE45,54.968191,-1.947956
NE19_NE48_NE49,55.090276,-2.290412
NE20,55.051874,-1.778906
NE21,54.958778,-1.719774
NE22,55.1373,-1.583701
NE23,55.083742,-1.584481
NE24,55.122804,-1.52144
NE25,55.049059,-1.488409
NE26,55.047787,-1.460862
NE27,55.03105,-1.511786
NE28,55.000601,-1.518888
NE29,55.011742,-1.469316
NE30,55.019801,-1.442883
NE31,54.971675,-1.512588
NE32,54.969622,-1.484391
NE33,54.992024,-1.431235
NE34,54.972777,-1.423205
NE35,54.952915,-1.462812
NE36,54.947046,-1.443013
NE37,54.911444,-1.528353
NE38_NE85,54.895734,-1.527289
NE40,54.966042,-1.770463
NE41_NE42,54.96519,-1.847443
NE46,54.97794,-2.104526
NE47,54.930225,-2.247419
NE61,55.177816,-1.687009
NE62,55.161333,-1.592847
NE63,55.177413,-1.562071
NE64,55.184041,-1.516648
NE65,55.310769,-1.742657
NE66,55.426545,-1.727339
NE67_NE68_NE69_NE70,55.570392,-1.726271
NE71_TD12,55.609531,-2.154754
NG1,52.954595,-1.147698
NG2,52.936956,-1.136708
NG3,52.967832,-1.130273
NG4,52.970899,-1.086935
NG5,52.996902,-1.143537
NG6,52.997238,-1.191604
NG7_NG90,52.957905,-1.17861
NG8,52.963687,-1.214607
NG9,52.926283,-1.233197
NG10,52.899865,-1.282223
NG11_NG80,52.901736,-1.1751
NG12,52.910434,-1.059196
NG13,52.947853,-0.930583
NG14,53.013495,-1.041431
NG15,53.045355,-1.202694
NG16,53.026618,-1.298227
NG17,53.115908,-1.2612
NG18,53.140767,-1.185923
NG19,53.160045,-1.197847
NG20,53.208315,-1.185133
NG21,53.141545,-1.108151
NG22,53.176966,-0.969971
NG23,53.113762,-0.801154
NG24,53.070996,-0.80195
NG25,53.074055,-0.950916
NG31,52.913375,-0.641499
NG32,52.946929,-0.651365
NG33,52.82084,-0.584065
NG34,52.987756,-0.395468
NN1,52.241445,-0.891028
NN2,52.259645,-0.886648
NN3,52.262492,-0.843958
NN4,52.221293,-0.897744
NN5,52.245724,-0.931179
NN6,52.320475,-0.946765
NN7,52.214727,-0.920181
NN8,52.297616,-0.692628
NN9,52.312034,-0.616698
NN10,52.29295,-0.599128
NN11,52.243804,-1.174371
NN12,52.12783,-0.996123
NN13,52.032617,-1.147431
NN14,52.411161,-0.706513
NN15,52.384,-0.706164
NN16,52.403416,-0.705347
NN17,52.499903,-0.684097
NN18,52.479199,-0.710493
NN29,52.262717,-0.66538
NP4,51.693109,-3.039586
NP7,51.828371,-3.012179
NP8,51.857646,-3.141119
NP10,51.580071,-3.043069
NP11,51.644251,-3.131718
NP12,51.668737,-3.197868
NP13,51.735227,-3.141089
NP15,51.723293,-2.889157
NP16,51.648963,-2.687168
NP18,51.604877,-2.943141
NP19,51.587015,-2.962627
NP20,51.590186,-3.004635
NP22,51.771199,-3.257652
NP23,51.784594,-3.197818
NP25,51.804189,-2.722918
NP26,51.590537,-2.775895
NP44,51.651297,-3.027634
NR1,52.628951,1.308695
NR2,52.630792,1.285194
NR3,52.643357,1.29499
NR4,52.614286,1.26178
NR5,52.641264,1.236623
NR6,52.660901,1.283263
NR7,52.645126,1.333102
NR8,52.676489,1.207701
NR9,52.631634,1.110018
NR10,52.736137,1.244336
NR11,52.840291,1.27502
NR12,52.758036,1.46669
NR13,52.633932,1.469391
NR14,52.565647,1.375278
NR15,52.505884,1.267088
NR16,52.478418,1.055306
NR17,52.515358,0.996091
NR18,52.571017,1.108605
NR19,52.675992,0.931393
NR20,52.721774,0.978428
NR21,52.840189,0.850777
NR22_NR23_NR24_NR25,52.911822,1.011354
NR26,52.93749,1.211431
NR27,52.92502,1.299808
NR28,52.822163,1.396804
NR29,52.689187,1.64187
NR30,52.61778,1.727096
NR31,52.577054,1.709635
NR32,52.487868,1.733311
NR33,52.455728,1.718359
NR34,52.439536,1.582715
NR35,52.461557,1.433032
NW2,51.559315,-0.21847
NW3,51.552568,-0.17318
NW4,51.587402,-0.223791
NW5,51.551621,-0.144558
NW6,51.540316,-0.195636
NW7,51.615083,-0.236854
NW8,51.531714,-0.174434
NW9,51.586522,-0.254006
NW10,51.539242,-0.248869
NW11,51.578703,-0.198403
OL1,53.547021,-2.106317
OL2,53.571305,-2.10944
OL3,53.552617,-2.011433
OL4,53.542338,-2.075854
OL5,53.516694,-2.040804
OL6,53.492573,-2.088459
OL7,53.489382,-2.106199
OL8,53.527067,-2.117242
OL9,53.538943,-2.141667
OL10,53.590431,-2.222755
OL11,53.606323,-2.174057
OL12,53.634415,-2.165363
OL13,53.700797,-2.204237
OL14,53.71427,-2.100787
OL15,53.643556,-2.102672
OL16,53.613329,-2.138343
OX1,51.746731,-1.262025
OX2,51.7631,-1.277409
OX3,51.760208,-1.215634
OX4,51.728781,-1.214264
OX5,51.860757,-1.293587
OX7,51.898323,-1.494402
OX9,51.702794,-1.040854
OX10,51.605829,-1.129545
OX11,51.599915,-1.250269
OX12,51.595179,-1.425599
OX13,51.677171,-1.34851
OX14,51.667628,-1.278511
OX15,52.033006,-1.402921
OX16,52.063573,-1.338881
OX17,52.072318,-1.292281
OX18,51.762374,-1.592847
OX20,51.854943,-1.357395
OX25,51.900394,-1.207936
OX26,51.901351,-1.150869
OX27,51.934135,-1.149798
OX28,51.784499,-1.48568
OX29,51.793216,-1.438441
OX33,51.756799,-1.143742
OX39_OX49,51.677374,-0.958184
OX44,51.701426,-1.136053
PA1,55.844896,-4.419888
PA2,55.829589,-4.434978
PA3,55.851403,-4.444083
PA4,55.875269,-4.395872
PA5,55.831394,-4.509885
PA6,55.862949,-4.534384
PA7,55.90763,-4.50101
PA8,55.9014,-4.453659
PA10_PA12_PA9,55.814996,-4.575272
PA11,55.857193,-4.584076
PA13_PA14,55.915752,-4.653539
PA15,55.942888,-4.74711
PA16_PA18,55.938992,-4.803942
PA19,55.952403,-4.821386
PA20,55.834319,-5.056994
PA21_PA22_PA24_PA25_PA26_PA27_PA32_PA33_PA35_PA36_PA37_PA38,56.294848,-5.203972
PA23,55.954005,-4.933198
PA29_PA30_PA31_PA41_PA42_PA43_PA44_PA45_PA46_PA47_PA48_PA49_PA60,55.898992,-5.740262
PA34_PA61_PA62_PA63_PA64_PA65_PA66_PA67_PA68_PA69_PA70_PA71_PA72_PA73_PA74_PA75_PA76_PA77_PA78,56.426671,-5.723055
PA80_PH33,56.814704,-5.222671
PE1,52.590832,-0.24797
PE2,52.567066,-0.273849
PE3_PE5,52.585779,-0.281339
PE4,52.61211,-0.265576
PE6,52.654214,-0.257973
PE7,52.540012,-0.204841
PE8,52.526475,-0.441883
PE9,52.65376,-0.478622
PE10,52.773868,-0.377716
PE11,52.80583,-0.163949
PE12,52.785955,0.018508
PE13,52.668949,0.139797
PE14,52.63901,0.202004
PE15,52.538998,0.085872
PE16,52.454737,0.049291
PE19,52.236754,-0.263539
PE20,52.932947,-0.101924
PE21,52.974814,-0.023574
PE22,53.047349,0.041921
PE23,53.172699,0.090796
PE24,53.164475,0.268158
PE25,53.15222,0.334648
PE26,52.453056,-0.115022
PE27,52.330848,-0.075628
PE28,52.357723,-0.189755
PE29,52.3345,-0.180985
PE30,52.758743,0.413457
PE31_PE35,52.874619,0.56377
PE32,52.729199,0.621828
PE33,52.651682,0.461937
PE34,52.726877,0.342621
PE36,52.938114,0.505815
PE37,52.643718,0.692536
PE38,52.591703,0.376094
PH1,56.418185,-3.472572
PH2,56.386084,-3.408659
PH3,56.301256,-3.705502
PH7,56.373406,-3.829504
PH15_PH16_PH17_PH18_PH8_PH9,56.6513,-3.811401
PH10,56.605762,-3.357297
PH11_PH12,56.619327,-3.210871
PH13_PH14,56.514174,-3.252682
PH19_PH21_PH30_PH34_PH36_PH37_PH38_PH39_PH40_PH41_PH49_PH50,56.905293,-4.932641
PL1,50.370204,-4.148648
PL2,50.386933,-4.157043
PL3,50.385966,-4.125687
PL4,50.37468,-4.12749
PL5,50.410861,-4.167082
PL6,50.418329,-4.119034
PL7,50.390898,-4.045952
PL8,50.337714,-4.018475
PL9_PL95,50.355948,-4.089958
PL10_PL11,50.364449,-4.239078
PL12,50.418295,-4.246854
PL13,50.358746,-4.473096
PL14,50.462629,-4.466136
PL15,50.632276,-4.394109
PL16_PL19,50.566414,-4.168837
PL17,50.514905,-4.306132
PL18,50.515564,-4.223697
PL20,50.503742,-4.100461
PL21,50.385418,-3.91942
PL22_PL23,50.373636,-4.645671
PL24,50.354565,-4.712994
PL25,50.34103,-4.777031
PL26,50.345504,-4.824537
PL27_PL28,50.525523,-4.896192
PL29_PL30,50.507422,-4.736925
PL31,50.469063,-4.722057
PL32_PL33_PL34_PL35,50.646257,-4.696916
PO1,50.799342,-1.089947
PO2,50.815991,-1.07881
PO3,50.815132,-1.061557
PO4,50.790927,-1.064342
PO5,50.789731,-1.086601
PO6,50.846153,-1.069688
PO7,50.884386,-1.041978
PO8,50.910819,-1.014692
PO9,50.862113,-0.982967
PO10,50.851523,-0.930593
PO11,50.791473,-0.977292
PO12,50.798699,-1.142769
PO13,50.811646,-1.178952
PO14,50.839659,-1.212585
PO15,50.862871,-1.220785
PO16,50.850468,-1.16213
PO17,50.887878,-1.173891
PO18,50.862286,-0.813209
PO19,50.836844,-0.777452
PO20,50.794983,-0.772003
PO21,50.784832,-0.69366
PO22,50.798854,-0.649642
PO30,50.693387,-1.310164
PO31,50.752397,-1.306167
PO32,50.749736,-1.281577
PO33_PO34,50.720776,-1.163425
PO35_PO36,50.664617,-1.146228
PO37,50.632746,-1.178097
PO38,50.603524,-1.238366
PO39_PO40_PO41,50.686885,-1.513763
PR0_PR1,53.757886,-2.701747
PR11_PR2,53.775636,-2.704825
PR3,53.867684,-2.717448
PR4,53.752606,-2.831625
PR5,53.713156,-2.68137
PR6,53.664641,-2.614458
PR7,53.648704,-2.652733
PR8,53.62766,-3.005583
PR9,53.656985,-2.971997
PR25,53.695436,-2.695316
PR26,53.688822,-2.737838
RG1,51.451785,-0.970888
RG2,51.425226,-0.956598
RG4,51.477944,-0.965318
RG5,51.452864,-0.907481
RG6,51.442292,-0.933392
RG7,51.397333,-1.081592
RG8,51.505279,-1.106873
RG9,51.542664,-0.920453
RG10,51.479973,-0.867398
RG12,51.411902,-0.752737
RG14,51.398262,-1.321392
RG17,51.437822,-1.498208
RG18,51.43102,-1.247494
RG19,51.396275,-1.227539
RG20,51.40289,-1.334923
RG21,51.266811,-1.090511
RG22,51.25222,-1.122849
RG23,51.26028,-1.146719
RG24,51.2798,-1.078517
RG25,51.235825,-1.085188
RG26,51.348192,-1.128598
RG27,51.305006,-0.948553
RG28,51.234851,-1.329245
RG29,51.248918,-0.947104
RG30,51.453139,-1.009558
RG31,51.456578,-1.039936
RG40,51.402639,-0.835636
RG41,51.415754,-0.857506
RG42,51.4249,-0.759915
RG45,51.378534,-0.802931
RH1,51.237884,-0.159104
RH2,51.236638,-0.203267
RH3_RH5,51.202479,-0.332138
RH4,51.230663,-0.333937
RH6,51.171313,-0.165146
RH7,51.174426,-0.01834
RH8,51.252664,-0.000166
RH9,51.236858,-0.076711
RH10,51.11933,-0.164495
RH11,51.112504,-0.20489
RH12,51.074641,-0.329797
RH13,51.038497,-0.33302
RH14,51.031472,-0.479931
RH15,50.956791,-0.135807
RH16,51.00291,-0.099884
RH17,51.020246,-0.118959
RH18_TN7,51.097407,0.056475
RH19,51.125829,-0.01352
RH20,50.937362,-0.471696
RM1,51.580228,0.182057
RM2,51.582519,0.199307
RM3,51.602102,0.22426
RM5,51.598139,0.165325
RM6,51.574992,0.133659
RM7,51.573384,0.169626
RM8,51.557163,0.130817
RM9,51.543793,0.136476
RM10,51.545581,0.156556
RM11,51.569623,0.218006
RM12,51.554653,0.208709
RM13,51.523588,0.192131
RM14,51.556249,0.260682
RM15,51.508949,0.276941
RM16,51.488839,0.320198
RM17,51.479626,0.326094
RM18,51.467634,0.370381
RM19,51.482462,0.25231
RM20,51.478622,0.286747
S1,53.380612,-1.469471
S2,53.371421,-1.450752
S3,53.386783,-1.473011
S4,53.397704,-1.451505
S5,53.422314,-1.462233
S6,53.402374,-1.509428
S7,53.354706,-1.489896
S8,53.342754,-1.479355
S9,53.396762,-1.421026
S10,53.377064,-1.516913
S11,53.360638,-1.508087
S12,53.349754,-1.40904
S13,53.364777,-1.384477
S14,53.347119,-1.444895
S17,53.322537,-1.526092
S18,53.299532,-1.4732
S20,53.334273,-1.349749
S21,53.313114,-1.339825
S25,53.367575,-1.219866
S26,53.355364,-1.287446
S32,53.294867,-1.644644
S33_SK22,53.364659,-1.91519
S35,53.458036,-1.495211
S36,53.505217,-1.616132
S40_S49,53.234613,-1.443413
S41,53.24667,-1.42902
S42,53.201824,-1.423111
S43,53.268325,-1.340263
S44,53.225674,-1.312761
S45,53.167473,-1.421461
S60,53.416829,-1.352438
S61,53.442999,-1.39287
S62,53.466218,-1.345216
S63,53.5171,-1.329982
S64,53.491352,-1.299852
S65,53.43608,-1.321883
S66,53.421318,-1.251542
S70,53.543684,-1.476591
S71,53.573256,-1.45733
S72,53.577584,-1.394317
S73,53.524281,-1.395549
S74,53.501757,-1.440548
S75,53.561744,-1.519026
S80,53.294982,-1.146623
S81,53.336714,-1.123777
SA1,51.629066,-3.938728
SA2,51.621559,-3.991026
SA3,51.581704,-4.042646
SA4,51.676191,-4.042841
SA5,51.648667,-3.969
SA6,51.674832,-3.92144
SA7,51.663135,-3.894109
SA8,51.721601,-3.84725
SA9,51.780765,-3.770674
SA10,51.686125,-3.801246
SA11,51.673932,-3.76604
SA12,51.607379,-3.794905
SA13,51.604359,-3.737014
SA14,51.731653,-4.109354
SA15,51.696967,-4.167354
SA16,51.689036,-4.254263
SA17,51.755286,-4.286267
SA18,51.797471,-3.962889
SA19_SA20,51.961992,-3.915835
SA31,51.856173,-4.309033
SA32_SA39,51.91724,-4.18924
SA33_SA38,51.895504,-4.442191
SA34,51.850903,-4.618422
SA35_SA36_SA37_SA41_SA42,52.004432,-4.727206
SA40_SA48_SY25,52.161736,-4.068318
SA43,52.086694,-4.632057
SA44,52.083551,-4.369509
SA45_SA46_SA47,52.213176,-4.292397
SA61,51.799265,-4.974319
SA62,51.838997,-5.059571
SA63_SA64_SA65_SA66,51.941654,-4.897405
SA67,51.78498,-4.734194
SA68_SA69,51.720074,-4.735151
SA70,51.672113,-4.734481
SA71,51.669482,-4.933257
SA72,51.692045,-4.937138
SA73,51.717644,-5.015773
SE1,51.498191,-0.090293
SE2,51.491083,0.114453
SE3,51.468619,0.017609
SE4,51.461716,-0.035415
SE5,51.4741,-0.092879
SE6,51.438559,-0.017558
SE7,51.485192,0.031829
SE8,51.48161,-0.02886
SE9,51.446095,0.054609
SE10,51.484002,0.000746
SE11,51.48951,-0.109062
SE12,51.446044,0.025921
SE13,51.459298,-0.010488
SE14,51.47547,-0.043112
SE15,51.472734,-0.067061
SE16,51.49656,-0.054826
SE17,51.488515,-0.094691
SE18,51.48541,0.071126
SE19,51.418238,-0.085226
SE20,51.413035,-0.058111
SE21,51.438333,-0.088475
SE22,51.454601,-0.072563
SE23,51.440155,-0.050079
SE24,51.456882,-0.100273
SE25,51.398086,-0.077475
SE26,51.427724,-0.054319
SE27,51.430377,-0.101637
SE28,51.501203,0.104357
SG1,51.909057,-0.197581
SG2,51.896537,-0.169447
SG3,51.861395,-0.182459
SG4,51.925334,-0.261287
SG5,51.965046,-0.278981
SG6,51.979443,-0.220965
SG7,52.001596,-0.178734
SG8,52.06463,-0.014785
SG9,51.939996,-0.010503
SG10_SG11,51.86919,0.03449
SG12,51.812911,-0.018168
SG13,51.789889,-0.072106
SG14,51.805835,-0.090865
SG15,52.011441,-0.262195
SG16,52.013615,-0.299156
SG17,52.035131,-0.335266
SG18,52.082476,-0.264073
SG19,52.138491,-0.246813
SK1,53.408168,-2.153743
SK2,53.396254,-2.137688
SK3,53.399874,-2.170819
SK4,53.417433,-2.178856
SK5,53.432504,-2.153751
SK6,53.405759,-2.081793
SK7,53.369378,-2.144322
SK8,53.381293,-2.208823
SK9,53.326624,-2.231117
SK10,53.273661,-2.129707
SK11,53.247642,-2.142381
SK12,53.35012,-2.01802
SK13,53.447581,-1.963551
SK14,53.452977,-2.046669
SK15,53.48647,-2.050271
SK16,53.472844,-2.082437
SK17,53.247019,-1.884016
SK23,53.328071,-1.946128
SL0,51.522729,-0.516472
SL1,51.515985,-0.61439
SL2,51.53266,-0.602773
SL3,51.500525,-0.557627
SL4,51.476694,-0.623911
SL5,51.40485,-0.66218
SL6,51.522899,-0.726488
SL7,51.574387,-0.77777
SL8,51.577836,-0.708869
SL9,51.595534,-0.555618
SM1,51.364853,-0.193055
SM2,51.353221,-0.197812
SM3,51.369932,-0.214258
SM4,51.392974,-0.200191
SM5,51.366796,-0.165795
SM6,51.360961,-0.146371
SM7,51.32282,-0.202032
SN1,51.556659,-1.775433
SN2,51.579995,-1.778897
SN3,51.560193,-1.743295
SN4,51.531821,-1.844885
SN38_SN5,51.566525,-1.8318
SN26_SN6,51.6146,-1.748037
SN7,51.650312,-1.567205
SN8,51.40955,-1.69375
SN9,51.329119,-1.78253
SN10,51.339266,-1.988109
SN11,51.4398,-1.99998
SN12,51.372797,-2.137676
SN13,51.426442,-2.207494
SN14,51.466014,-2.19897
SN15,51.470848,-2.090578
SN16,51.589615,-2.081877
SN25,51.594525,-1.803249
SO14,50.90783,-1.396547
SO15,50.916652,-1.425829
SO16,50.934416,-1.432805
SO17,50.925995,-1.39743
SO18,50.923882,-1.366197
SO19,50.902801,-1.35727
SO20,51.115022,-1.502523
SO21,51.07369,-1.314571
SO22,51.06606,-1.331931
SO23,51.06716,-1.305861
SO24,51.085236,-1.150469
SO30,50.921234,-1.307686
SO31,50.870022,-1.294354
SO32,50.946721,-1.213558
SO40,50.91669,-1.504274
SO41,50.756038,-1.56135
SO42_SO43,50.843563,-1.558201
SO45,50.849533,-1.395083
SO50,50.97078,-1.345471
SO51,50.993993,-1.500817
SO52,50.977619,-1.436235
SO53,50.984244,-1.381163
SP1,51.073725,-1.791138
SP2,51.07234,-1.819179
SP3,51.099665,-2.004807
SP4,51.162299,-1.766763
SP5,51.024384,-1.773194
SP6,50.935432,-1.801249
SP7,51.005345,-2.185929
SP8,51.036793,-2.288574
SP9,51.232967,-1.663617
SP10,51.210704,-1.483295
SP11,51.225884,-1.514216
SR1,54.90685,-1.381627
SR2,54.88863,-1.378659
SR3,54.877924,-1.416451
SR4,54.901552,-1.424739
SR5,54.921709,-1.422073
SR6,54.933922,-1.380792
SR7,54.830871,-1.36057
SR8,54.766585,-1.336554
SS0,51.545813,0.691394
SS1,51.539379,0.724443
SS2_SS99,51.549522,0.714427
SS3,51.542157,0.7896
SS4,51.591878,0.712914
SS5,51.606822,0.649645
SS6,51.587597,0.606508
SS7,51.563062,0.577728
SS8,51.522115,0.589464
SS9,51.553583,0.652153
SS11,51.616287,0.535425
SS12,51.60583,0.520808
SS13,51.574905,0.507549
SS14,51.574932,0.470381
SS15,51.576853,0.429182
SS16,51.563089,0.451789
SS17,51.521748,0.439435
ST1,53.025182,-2.174604
ST2,53.027105,-2.137187
ST3,52.98109,-2.122938
ST4,52.997737,-2.183617
ST5_ST55,53.01513,-2.239977
ST6,53.056457,-2.191905
ST7,53.088023,-2.267189
ST8,53.115403,-2.168667
ST9,53.049712,-2.103922
ST10,52.988583,-1.966137
ST11,52.96722,-2.068357
ST12_ST20,52.852098,-2.22675
ST13,53.101466,-2.01985
ST14,52.903785,-1.869012
ST15,52.898521,-2.151282
ST16,52.810632,-2.12079
ST17,52.789467,-2.101009
ST18,52.814512,-2.083335
ST19,52.716153,-2.145154
ST21,52.868506,-2.262081
SW1A_SW1E_SW1H_W1A_W1B_W1C_W1K_W1S_W1W,51.513196,-0.138857
SW1P,51.488854,-0.133657
SW1V,51.490692,-0.139435
SW1W,51.493228,-0.147671
SW1X,51.497455,-0.153412
SW1Y_WC2B_WC2E_WC2H_WC2N_WC2R,51.5115,-0.125985
SW2,51.45078,-0.120663
SW3,51.488333,-0.16505
SW4,51.461625,-0.13722
SW5,51.489756,-0.189692
SW6,51.477388,-0.200523
SW7,51.496482,-0.176544
SW8,51.476533,-0.132823
SW9,51.469087,-0.113664
SW10,51.48384,-0.183038
SW11,51.466948,-0.164449
SW12,51.446195,-0.14991
SW13,51.474462,-0.248896
SW14,51.466474,-0.266678
SW15,51.457971,-0.22583
SW16,51.423511,-0.129557
SW17,51.430216,-0.165143
SW18,51.450464,-0.191547
SW19,51.422213,-0.205334
SW20,51.412439,-0.224067
SY1,52.719907,-2.743214
SY2,52.706465,-2.7312
SY3,52.700246,-2.771121
SY4,52.79403,-2.752641
SY5,52.655314,-2.826697
SY6_SY9,52.52417,-2.847415
SY7,52.426362,-2.882737
SY8,52.365417,-2.696916
SY10,52.838942,-3.109037
SY11,52.867155,-3.031622
SY12,52.90225,-2.897174
SY13,52.95317,-2.689448
SY14,53.028021,-2.762937
SY15,52.560474,-3.134178
SY16,52.520054,-3.31285
SY17_SY19_SY20,52.583654,-3.704265
SY21,52.658272,-3.201156
SY22,52.758356,-3.181467
SY23_SY24,52.395184,-4.051452
TA1,51.016307,-3.105671
TA2,51.032824,-3.102091
TA3,50.994504,-3.041678
TA4,51.071967,-3.265642
TA5,51.143023,-3.091576
TA6,51.125964,-3.001016
TA7,51.131083,-2.915222
TA8,51.24395,-2.994826
TA9,51.225959,-2.959148
TA10,51.033726,-2.826786
TA11,51.060204,-2.708897
TA12_TA13,50.961563,-2.789872
TA14_TA15_TA16_TA17,50.932093,-2.770771
TA18,50.88285,-2.788088
TA19,50.93398,-2.915427
TA20,50.873164,-2.961489
TA21,50.97789,-3.242435
TA22_TA23,51.116155,-3.429593
TA24,51.184139,-3.507625
TD1,55.622701,-2.811137
TD5,55.589113,-2.41873
TD6,55.582915,-2.695379
TD7,55.537918,-2.869569
TD8,55.476026,-2.543365
TD9,55.399624,-2.777472
TD11,55.787367,-2.314895
TD13_TD14,55.876878,-2.158315
TD15,55.750941,-2.013106
TF1,52.703188,-2.500605
TF2,52.696893,-2.441005
TF3,52.665984,-2.447166
TF4,52.660946,-2.469284
TF5_TF6,52.728208,-2.548907
TF7,52.639388,-2.447264
TF13_TF8,52.605765,-2.528696
TF9,52.898122,-2.472461
TF10,52.768547,-2.38598
TF11,52.663901,-2.364242
TF12,52.612931,-2.480869
TN1,51.136943,0.268071
TN2,51.126643,0.267579
TN3,51.124514,0.25026
TN4,51.146964,0.258315
TN20_TN5,51.05666,0.326264
TN6,51.053995,0.171798
TN8,51.195283,0.076234
TN9,51.191299,0.278124
TN10,51.210157,0.28428
TN11,51.205801,0.267106
TN12,51.173037,0.437163
TN13,51.275029,0.186074
TN14,51.295025,0.163145
TN15,51.299019,0.267826
TN16,51.297091,0.04847
TN17,51.095419,0.53739
TN18,51.045421,0.524379
TN19,51.004263,0.412726
TN21,50.960754,0.261103
TN22,50.980245,0.097521
TN23,51.140843,0.860947
TN24,51.14971,0.885047
TN25,51.143145,0.933035
TN26,51.101443,0.805055
TN27,51.165937,0.711144
TN28,50.983516,0.949527
TN29,50.992691,0.932766
TN30,51.064117,0.695134
TN31_TN36,50.9554,0.696615
TN32,50.978925,0.488927
TN33,50.911759,0.477351
TN34,50.863012,0.579882
TN35,50.880025,0.609655
TN37,50.870512,0.556274
TN38,50.865111,0.544768
TN39,50.845984,0.453803
TN40,50.843867,0.480337
TQ1,50.473448,-3.527393
TQ2,50.475792,-3.544763
TQ3,50.44336,-3.574661
TQ4,50.425307,-3.571838
TQ5,50.392204,-3.522302
TQ6,50.347822,-3.590503
TQ7_TQ8,50.275692,-3.782265
TQ9,50.420147,-3.690591
TQ10_TQ11,50.451313,-3.799649
TQ12,50.529887,-3.610924
TQ13,50.590749,-3.71173
TQ14,50.549936,-3.506551
TR1,50.262045,-5.053645
TR2,50.254554,-4.956176
TR3,50.220281,-5.10807
TR4,50.283519,-5.131825
TR5_TR6,50.324118,-5.171032
TR7,50.413801,-5.076309
TR8,50.400631,-5.040462
TR9,50.413872,-4.941563
TR10,50.166254,-5.118171
TR11,50.150518,-5.087802
TR12,50.044177,-5.184704
TR13,50.109451,-5.285751
TR14,50.211405,-5.296147
TR15,50.233041,-5.237026
TR16,50.23301,-5.222079
TR17_TR20,50.130276,-5.488816
TR18,50.117861,-5.541727
TR19_TR21_TR22_TR23_TR24_TR25,50.074396,-5.732481
TR26,50.203014,-5.480161
TR27,50.182401,-5.407219
TS1,54.573079,-1.239562
TS18_TS2,54.566214,-1.306264
TS3,54.56189,-1.198519
TS4,54.557154,-1.223716
TS5,54.552018,-1.252092
TS6,54.567473,-1.156076
TS7,54.53314,-1.186607
TS8,54.521664,-1.231226
TS9,54.46902,-1.168402
TS10,54.605803,-1.072004
TS11,54.587978,-1.033924
TS12,54.563394,-0.967164
TS13,54.550506,-0.858521
TS14,54.532299,-1.061949
TS15,54.493691,-1.333493
TS16,54.52615,-1.353685
TS17,54.538933,-1.304954
TS19,54.576075,-1.338651
TS20,54.585438,-1.314398
TS21,54.624022,-1.422352
TS22,54.620042,-1.319658
TS23,54.606511,-1.287006
TS24,54.693769,-1.210692
TS25,54.663445,-1.224066
TS26,54.688384,-1.230614
TS27,54.722472,-1.287918
TS28,54.725472,-1.374961
TS29,54.711225,-1.419962
TW1,51.450914,-0.327741
TW2,51.447134,-0.350075
TW3,51.468602,-0.363366
TW4,51.466934,-0.384365
TW5,51.48023,-0.381487
TW6_UB11_UB7,51.49121,-0.461354
TW7,51.474831,-0.331868
TW8,51.486071,-0.308384
TW9,51.467202,-0.296902
TW10,51.451476,-0.302838
TW11,51.42676,-0.332602
TW12,51.421061,-0.3695
TW13,51.439148,-0.403401
TW14,51.452173,-0.42004
TW15,51.430353,-0.455841
TW16,51.416416,-0.417526
TW17,51.397558,-0.447943
TW18,51.429209,-0.510542
TW19,51.452115,-0.505317
TW20,51.427999,-0.548839
UB1,51.512346,-0.376442
UB18_UB2,51.500562,-0.382095
UB3,51.505043,-0.421778
UB4,51.523134,-0.40857
UB5,51.544247,-0.374782
UB6,51.540205,-0.344363
UB8,51.537007,-0.47886
UB9,51.579899,-0.491793
UB10,51.54724,-0.455534
W1D_W1F_W1G_W1J,51.51347,-0.14045
W1H,51.517376,-0.159545
W1T,51.520112,-0.136462
W1U,51.518581,-0.153416
W2,51.514565,-0.187726
W3,51.508325,-0.270131
W4,51.491407,-0.263614
W5,51.512197,-0.304013
W6,51.492486,-0.230963
W7,51.509775,-0.335124
W8,51.500434,-0.195384
W9,51.523835,-0.194012
W10,51.52022,-0.221108
W11,51.51278,-0.216117
W12,51.509362,-0.238142
W13,51.513088,-0.321411
W14,51.495421,-0.211155
WA1,53.392732,-2.580065
WA2,53.408568,-2.583714
WA3,53.452001,-2.548195
WA4,53.370106,-2.581229
WA5,53.39963,-2.63229
WA6,53.275516,-2.72408
WA7,53.330293,-2.703488
WA8_WA88,53.372522,-2.740116
WA9,53.437044,-2.719886
WA10,53.453777,-2.752968
WA11,53.477145,-2.719601
WA12,53.45344,-2.634128
WA13,53.382497,-2.465829
WA14,53.387425,-2.356789
WA15,53.384406,-2.328672
WA16,53.30447,-2.371179
WC1H,51.524846,-0.126315
WC1N,51.521957,-0.120632
WC1X,51.524367,-0.117296
WD3,51.643486,-0.482997
WD4,51.706692,-0.453979
WD5,51.704604,-0.422636
WD6,51.656705,-0.27647
WD7,51.685777,-0.312627
WD17,51.660814,-0.407036
WD18,51.648128,-0.41913
WD19,51.632703,-0.393756
WD23,51.645339,-0.366774
WD24,51.669655,-0.401242
WD25,51.681896,-0.392216
WF1,53.684087,-1.498749
WF2,53.673314,-1.511943
WF3,53.721576,-1.523869
WF4,53.649071,-1.517683
WF5,53.680635,-1.576903
WF6,53.701432,-1.413784
WF7,53.666999,-1.351161
WF8,53.687101,-1.301561
WF9,53.606328,-1.320852
WF10,53.723586,-1.349971
WF11,53.710591,-1.259083
WF12,53.684087,-1.622314
WF13,53.691862,-1.644426
WF14,53.680482,-1.691108
WF15,53.708285,-1.699004
WF16,53.709645,-1.668478
WF17,53.717743,-1.6405
WN1,53.551251,-2.629885
WN2,53.536284,-2.584548
WN3,53.530717,-2.644789
WN4,53.497315,-2.643403
WN5,53.532586,-2.684827
WN6,53.573219,-2.669462
WN7,53.497287,-2.518139
WN8,53.552215,-2.771708
WR1,52.197308,-2.2175
WR2,52.191626,-2.239827
WR3,52.216021,-2.210436
WR4,52.204572,-2.190617
WR5_WR99,52.180185,-2.200802
WR6,52.229103,-2.361088
WR7,52.197378,-2.063756
WR8,52.090252,-2.202213
WR9,52.26835,-2.157262
WR10,52.116967,-2.066972
WR11,52.094851,-1.929995
WR12,52.046963,-1.879702
WR13,52.094833,-2.341811
WR14,52.113545,-2.322319
WR15,52.306122,-2.572705
WS1,52.581632,-1.979767
WS2,52.588728,-2.001951
WS3,52.617033,-1.991556
WS4,52.604323,-1.96117
WS5,52.568293,-1.961472
WS6,52.657304,-2.022678
WS7,52.680442,-1.915589
WS8,52.642913,-1.936766
WS9,52.609243,-1.919288
WS10,52.56029,-2.023343
WS11,52.688898,-2.016504
WS12,52.703083,-2.002183
WS13,52.691507,-1.817859
WS14,52.669686,-1.81338
WS15,52.758838,-1.920055
WV1,52.586774,-2.118255
WV2,52.575793,-2.120069
WV3,52.580785,-2.148295
WV4,52.56435,-2.140732
WV5,52.533187,-2.210657
WV6,52.597111,-2.175627
WV7,52.634234,-2.276789
WV8,52.622506,-2.182483
WV9,52.631258,-2.140685
WV10,52.615902,-2.113863
WV11,52.609774,-2.071822
WV12,52.605846,-2.042106
WV13,52.585644,-2.062691
WV14,52.558239,-2.077941
WV15,52.517353,-2.380078
WV16,52.515892,-2.436936
YO1_YO90,53.958073,-1.071274
YO7,54.224484,-1.350478
YO8,53.785494,-1.056887
YO10,53.951344,-1.060733
YO11,54.268931,-0.398499
YO12,54.274323,-0.422191
YO13,54.287082,-0.493388
YO14,54.199901,-0.298328
YO15,54.091622,-0.182351
YO16,54.096101,-0.199149
YO17,54.139624,-0.771416
YO18,54.256016,-0.767533
YO19,53.911037,-1.026199
YO21,54.477928,-0.701554
YO22,54.45242,-0.62154
YO23,53.927752,-1.119438
YO24,53.94731,-1.114274
YO25,54.014429,-0.419524
YO26,53.974341,-1.166941
YO30,53.984051,-1.110933
YO31,53.970264,-1.065897
YO32,54.009035,-1.060382
YO41,53.969305,-0.910543
YO42,53.92481,-0.788574
YO51,54.087696,-1.388351
YO60_YO62,54.194508,-0.980369
YO61,54.119775,-1.199023
ZE1,60.151656,-1.16818
ZE2_ZE3,60.29631,-1.231976