postcode,estimated_population
AB10,22671
AB10_AB99,22671
AB11,20750
AB12,27976
AB13_AB14,8063
AB15,38768
AB16,28344
AB21,24780
AB22,16118
AB23,12090
AB24,36372
AB25,18051
AB30,7632
AB31,15503
AB32,14196
AB33_AB35_AB36,8671
AB34,5736
AB37_AB38_IV32,10625
AB39,17900
AB41,21192
AB42,34833
AB43,23619
AB44_AB45,14842
AB51,37150
AB52,5294
AB53,12085
AB54,11317
AB55,9072
AB56,15199
AL1,39960
AL10,42980
AL2,23957
AL3,29432
AL4,28244
AL5,31804
AL6,11830
AL7,36407
AL8,13838
AL9,11439
B1,11014
B10,26856
B11,45761
B12,21590
B13,39103
B14,43432
B15,21656
B16,27687
B17,28558
B18,19248
B19,23564
B20,37154
B21,32194
B23,48979
B24,29364
B25,17414
B26,33744
B27,26539
B28,31004
B29,49121
B2_B3_B4,8887
B2_B3_B4_B99,8887
B30,29616
B31,55929
B32,39153
B33,36381
B34,20131
B35,9698
B36,36472
B37,37368
B37_B40,37382
B38,20931
B40_B92,37317
B42,24762
B43,30199
B44,37410
B45,31776
B46,12476
B47,10212
B48,6245
B49,10548
B5,16811
B50,6483
B6,20222
B60,28897
B61,26481
B62,24583
B63,37541
B64,17519
B65,23962
B66,24880
B67,31290
B68,32590
B69,30893
B7,11004
B70,31457
B71,32830
B72,9394
B73,22680
B74,32133
B75,26448
B76,20968
B77,56210
B78,25425
B79,23309
B8,45766
B80,7208
B9,27747
B90,48692
B91,34725
B92,37303
B93,20316
B94,7327
B95,6122
B96,5365
B97,33997
B98,49215
BA1,44066
BA10_BA7,7658
BA11,34865
BA12,29263
BA13,21188
BA14,52759
BA15,13466
BA16,13925
BA2,80821
BA20,11596
BA21,35759
BA22,18613
BA3,37232
BA4,18487
BA5,19105
BA6,13640
BA8_BA9,12327
BB1,68118
BB10,38305
BB11,23566
BB12,34427
BB18,16948
BB18_BB94,16948
BB2,61185
BB3,33129
BB4,43081
BB5,61795
BB6,14946
BB7,34848
BB8,22985
BB9,47389
BD1,7573
BD10,27312
BD11,11119
BD12,17120
BD13,26053
BD14,8353
BD15,16463
BD16,25713
BD16_BD97,25713
BD17,18360
BD17_BD98,18360
BD18,27048
BD19,23024
BD1_BD97_BD98_BD99,7575
BD2,30970
BD20,37278
BD21,26359
BD22,29897
BD23,30325
BD24,5474
BD3,34597
BD4,33178
BD5,33434
BD6,30580
BD7,36419
BD7_BD99,36421
BD8,32497
BD9,29856
BH1,25545
BH10,20219
BH11,19862
BH12,35760
BH13,8414
BH14,24859
BH15,35508
BH16,16189
BH17,22465
BH18,11861
BH19,11607
BH2,10370
BH20,21041
BH21,41932
BH22,27936
BH23,55478
BH24,24358
BH25,26399
BH3,5433
BH31,13524
BH4,9725
BH5,11379
BH6,23078
BH7,11771
BH8,29428
BH9,30773
BL0,17206
BL1,67509
BL11_BL2,46762
BL11_BL3,67965
BL2,46762
BL3,67965
BL4,35050
BL4_BL78,35050
BL5,26841
BL6,30182
BL7,15021
BL8,36165
BL9,50815
BN1,90904
BN10,20206
BN11,34666
BN12_BN99,21876
BN13,29663
BN14,31676
BN15_BN95,28192
BN16,29128
BN17,31297
BN18,13432
BN1_BN50_BN88,90904
BN20,21628
BN21,26995
BN22,33808
BN23,29098
BN24,10696
BN25,24744
BN26,13535
BN27,31053
BN2_BN51,99934
BN2_BN88,99934
BN3,83545
BN3_BN52,83545
BN41,21115
BN42,10500
BN43,24331
BN44,10326
BN45_BN6,19646
BN5,7765
BN7,21659
BN8,17269
BN9,14358
BR1,60198
BR2,50023
BR3,51096
BR4,19523
BR5,49164
BR6,47735
BR7,18742
BR8,23273
BS1,20368
BS10,28928
BS11,18536
BS13,30771
BS14,28725
BS15,49920
BS16,88332
BS2,20042
BS20,33097
BS21,23355
BS22,38601
BS23,36398
BS24,23451
BS25_BS29,9359
BS26_BS28,8207
BS27,7132
BS2_BS98_BS99,20042
BS3,40482
BS30,30268
BS31,22850
BS32,25718
BS34,34797
BS35,23535
BS36,16244
BS37,39569
BS39,16787
BS4,49969
BS40,13014
BS41,6422
BS48,23318
BS49,12191
BS5,56398
BS6,34109
BS7,43996
BS8,27818
BS9,32007
BT10,11921
BT11,28091
BT12,29056
BT12_BT2,29734
BT13,24041
BT14,34029
BT15,26824
BT16,17696
BT17,34216
BT18,13583
BT19,37645
BT1_BT2_BT3_BT7,27074
BT1_BT3_BT7,26396
BT20,25749
BT21,7846
BT22,22681
BT23,57204
BT24,18014
BT25,16630
BT26,9420
BT27,23261
BT28,43874
BT29,14021
BT30,35966
BT31,8886
BT32,26259
BT33,11010
BT34,63142
BT35,48765
BT36,47729
BT37,26600
BT38,40421
BT39,24303
BT4,25751
BT40,26316
BT41,44172
BT42,34943
BT43,23529
BT44,24968
BT45,37606
BT46,10997
BT47,61892
BT48,60862
BT49,24032
BT5,39730
BT51,26668
BT52,17701
BT53,26717
BT54,7939
BT54_BT57,12825
BT55,8097
BT56,6780
BT56_BT57,11666
BT6,30820
BT60,33644
BT61,18032
BT62,33374
BT63,21106
BT64_BT65,12299
BT66,35052
BT67,24788
BT68_BT69_BT76_BT77,7350
BT70,23126
BT71,42103
BT74,17555
BT75_BT94,19874
BT78,28808
BT79,28240
BT8,29082
BT80,24792
BT81,8421
BT82,26499
BT9,29223
BT92,17464
BT93,11450
CA1,24797
CA10,14013
CA10_CA9,16081
CA11,22853
CA12,7957
CA13,15253
CA14,36257
CA14_CA95,36257
CA15,16732
CA16_CA17,11042
CA16_CA17_CA9,13110
CA18_CA19_CA20_CA21_LA19,6516
CA2,40185
CA22_CA27,10280
CA23_CA24_CA26,5939
CA25,5975
CA28,28260
CA3,13613
CA4,9413
CA5,7098
CA6,9063
CA7,23005
CA8,10330
CB1,49024
CB10,15260
CB11,19382
CB2,18841
CB21,15624
CB22,25295
CB23,34774
CB24,35682
CB25,18776
CB3,20499
CB4,40155
CB5,11556
CB6,40203
CB7,29889
CB8,33369
CB9,33843
CF10_CF91_CF95_CF99,19891
CF10_CF99,19891
CF11,40071
CF14,79569
CF15,18646
CF23,48394
CF24,59307
CF3,45168
CF31,46020
CF32,31936
CF33,15445
CF34,20648
CF35,20341
CF36,16008
CF37,38850
CF38,23896
CF39,29445
CF3_CF30,45168
CF40,20718
CF41,10737
CF42,13553
CF43,11656
CF44,41072
CF45,19898
CF46,14713
CF47,22575
CF48,27686
CF5,68258
CF61,9903
CF62,44141
CF63,22991
CF64,38036
CF71,9483
CF72,28676
CF81_NP24,21417
CF82,20647
CF83,55953
CH1_CH70_CH88_CH99,32211
CH1_CH88,32211
CH2,35343
CH25_CH41,19967
CH26_CH43,37698
CH27_CH44,30115
CH28_CH46,25500
CH29_CH47,10917
CH3,35012
CH30_CH49,29798
CH31_CH60,13002
CH32_CH63,30198
CH33_CH64,18959
CH34_CH65,27924
CH4,33988
CH41,19967
CH42,32861
CH43,37698
CH45,31125
CH46,25500
CH47,10917
CH48,15192
CH49,29798
CH5,43221
CH6,17205
CH60,13002
CH61,17104
CH62,30324
CH63,30198
CH64,18959
CH66,34834
CH7,51051
CH8,20690
CM0,17135
CM1,69093
CM11,19320
CM12,20605
CM13,24925
CM14,21544
CM15,24039
CM16,23579
CM17,23192
CM18,24911
CM19,19647
CM19_CM92,19647
CM2,59865
CM20,24490
CM21,11741
CM22,15673
CM23,43549
CM24,8671
CM3,54776
CM3_CM98_CM99,54776
CM4,10711
CM5_RM4,15247
CM6,29733
CM7,51032
CM77,15643
CM8,34744
CM9,34586
CO1,18791
CO10,50383
CO11,13470
CO12,23509
CO13,12755
CO14,6836
CO15,45826
CO16,25874
CO2,42710
CO3,31393
CO4,53245
CO5,28784
CO6,28639
CO7,36182
CO8_CO9,28715
CR0,167506
CR0_CR9,167613
CR2,50171
CR3,31262
CR4,60391
CR44_CR9_SM6,39933
CR5,30229
CR6,10256
CR7,45891
CR7_CR90,45891
CR8,33434
CT1,35657
CT10,25861
CT11,30006
CT12,18857
CT13,8904
CT14,36768
CT15,12964
CT16,21463
CT17,23496
CT18,15354
CT19,28616
CT2,34599
CT20,25031
CT20_CT50,25031
CT21,17985
CT3,19526
CT4,17403
CT5,34436
CT6,41280
CT7,11915
CT8,8138
CT9,47148
CV1,48017
CV10,53166
CV11,40118
CV12,31757
CV13,11387
CV2,72979
CV21,39487
CV22,37815
CV23,24765
CV3,72679
CV31,33739
CV32,33279
CV33,7042
CV34,33313
CV35,25323
CV36,9821
CV37,45108
CV4,37892
CV47,18358
CV5,50162
CV6,96206
CV7,29433
CV8,32340
CV9,23158
CW1,44537
CW10,15344
CW11,25149
CW12,30669
CW2,42477
CW2_CW98,42477
CW3,10366
CW4,10136
CW5,31121
CW6,13065
CW7,32573
CW8,38112
CW9,34308
DA1,63299
DA10,9319
DA11,41590
DA12,49813
DA13,14080
DA14,23024
DA15,29176
DA16,37852
DA17,20011
DA18,5503
DA2,24288
DA3,16944
DA4,9585
DA5,21361
DA6,11087
DA7,36162
DA8,37574
DA9,15068
DD1,14320
DD10,22025
DD11,29088
DD2,42469
DD3,36783
DD4,44095
DD5,32973
DD6,9245
DD7,12490
DD8,29141
DD9,10589
DE1,17296
DE11,48887
DE12,22211
DE13,41175
DE14,33967
DE15,24579
DE1_DE99,17296
DE21,55797
DE22,48170
DE23,65490
DE24,58011
DE3,17240
DE4,34842
DE45,8276
DE5,22952
DE55,54078
DE56,40775
DE6,26814
DE65,24468
DE7,51543
DE72,20878
DE73,20536
DE74,12801
DE75,19133
DG1,26858
DG10_DG13_DG14_DG16,11829
DG11,13291
DG12,12710
DG2,23750
DG3_DG4,9134
DG5,5206
DG6,5251
DG7,12326
DG8,12549
DG9,15758
DH1_DH97,57753
DH1_DH99,57753
DH2,30875
DH3,26872
DH4,34264
DH5,20769
DH6,35485
DH7,42846
DH7_DH99,42846
DH8,40112
DH9,37775
DH98_NE11_NE82_NE83_NE88_NE92,16404
DL1,47961
DL10,19015
DL11,5032
DL12,12593
DL13,13775
DL14,37984
DL15,23038
DL16,21720
DL17,17653
DL2,18291
DL3,43211
DL3_DL98,43211
DL4,9989
DL5,29315
DL6,15416
DL7,16136
DL8,19256
DL9,17275
DN1,10893
DN10,12725
DN11,28962
DN12,24318
DN14,48846
DN15,39242
DN16,32993
DN17,36958
DN18,12539
DN19_DN39,9228
DN1_DN55,10893
DN2,25376
DN20,19188
DN21,40112
DN22,37217
DN3,30177
DN31,9485
DN32,29312
DN33,20728
DN34,19367
DN35,33803
DN36,19804
DN37,21132
DN38_LN7,9255
DN4,58218
DN40,12644
DN41,6456
DN5,39962
DN6,30982
DN7,25019
DN8,17965
DN9,21598
DT1,21438
DT10,11800
DT11,30619
DT2,25628
DT3,24291
DT4,37513
DT5,13307
DT6,21923
DT7,5612
DT8,5701
DT9,21598
DY1,35097
DY10,36999
DY11,31990
DY11_WV98,31990
DY12,12123
DY13,22735
DY14,8804
DY2,36079
DY3,35003
DY4,45939
DY5,42753
DY6,27875
DY7,8045
DY8,51334
DY9,31370
E1,85754
E10,46580
E11,58587
E12,43628
E13,51773
E14,109139
E15,62284
E16,58759
E17,110690
E18,21380
E1W_E98,16656
E1W_E98_EC3N,17430
E2,54320
E20,9739
E3,69459
E4,65529
E5,53340
E6,82748
E7,55863
E8,46847
E9,43599
EC1A_EC2A_EC2M_EC2N_EC2P_EC2R_EC2V_EC2Y_EC3A_EC3M_EC3R_EC3V_EC4A_EC4M_EC4N_EC4R_EC4V_EC4Y,9945
EC1A_EC2M_EC2N_EC2P_EC2R_EC2V_EC2Y_EC3A_EC3M_EC3N_EC3P_EC3R_EC3V_EC4A_EC4M_EC4N_EC4R_EC4V_EC4Y,8103
EC1M_EC1P_EC1Y_EC4P,6565
EC1M_EC1Y,6565
EC1N_WC1A_WC1B_WC1E_WC1R_WC1V_WC2A,10047
EC1R,6114
EC1V,19539
EC2A_WC2H,5440
EH10,35181
EH11,43635
EH12,41556
EH13,15361
EH14,43871
EH15,21948
EH16,32956
EH17,20092
EH18_EH24_EH25,7797
EH19,16122
EH1_EH2,8111
EH1_EH2_EH91_EH99,8111
EH20,6603
EH21,27767
EH22,33123
EH23_EH37,11464
EH26,17365
EH27_EH55,11794
EH28_EH29,9019
EH3,26460
EH30,10873
EH31_EH39_EH40,14876
EH32,20237
EH33,14315
EH34_EH35_EH36,5078
EH38_EH43_EH44_TD10_TD2_TD3_TD4,11928
EH38_EH43_EH44_TD2,7502
EH4,58210
EH41,13047
EH42,12553
EH45_EH46,15094
EH47,27858
EH48,40387
EH49,16385
EH5,22171
EH51,14898
EH52,21221
EH53,11190
EH54,55270
EH5_EH95,22171
EH6,43526
EH7,38228
EH8,28844
EH8_EH99,28844
EH9,23678
EN1,47617
EN10,18185
EN11,22209
EN2,30737
EN3,61307
EN4,27372
EN5,39916
EN6,30189
EN7,21735
EN8,38208
EN9,24571
EX1,25578
EX10,17680
EX11,8862
EX12_EX24,13638
EX13,12965
EX14,21681
EX15,23314
EX16,33740
EX17_EX18,23474
EX19_EX38,12438
EX2,45167
EX20,22225
EX21_EX22,16221
EX23,16699
EX3,5412
EX31_EX35,28784
EX32,24248
EX33,10615
EX34,16860
EX36_EX37,13013
EX39,39739
EX4,61750
EX5,24665
EX6,14814
EX7,14499
EX8,38404
EX9,7117
FK1,28735
FK10,37301
FK11_FK12,7696
FK13,6010
FK14_PH4,5322
FK14_PH4_PH5_PH6,8739
FK15,11359
FK16_FK17_FK18_FK19_FK20_FK21,8286
FK2,51265
FK3,16212
FK4,13745
FK5,20830
FK6,13887
FK7,31453
FK8,19899
FK9,14356
FY1,33323
FY2,23984
FY3,31865
FY4,43432
FY5,45662
FY6,29018
FY7,26206
FY8,45789
G11,24219
G12,25839
G13,33387
G14,19360
G15,16680
G1_G2,13434
G1_G2_G58_G9_G90,13434
G20,33146
G21,27726
G22,18238
G23,7362
G3,24125
G31,27339
G32,38048
G33,44509
G34,7936
G4,14909
G40,14224
G41,32279
G42,29911
G43,17278
G44,28193
G45,14531
G46,26265
G5,13277
G51,25174
G52,29024
G53,33401
G60,5190
G61,28621
G62,13411
G63,9914
G64,27084
G65,13754
G66,39757
G67,33123
G68,19375
G68_G70,19375
G69,34999
G71,30756
G72,50551
G73,30811
G74_G79,37061
G75,39688
G76,23274
G77,27605
G78,24201
G81,37498
G82,26074
G83,23847
G84,22143
GL1,37003
GL10,14874
GL11,19593
GL12_GL9,17976
GL13,6097
GL14,16077
GL15,21689
GL16,14227
GL17,11955
GL18,8763
GL19,9771
GL2,59732
GL20,30435
GL3,34871
GL4,48017
GL5,32180
GL50,23007
GL51,51192
GL52,47273
GL53,20769
GL54,24692
GL55,5707
GL56,9780
GL6,24794
GL7,45924
GL8,9043
GU1,33388
GU10,23472
GU11,24068
GU12,31755
GU14,55833
GU15,36171
GU16,24361
GU17,11046
GU18,6792
GU19_GU20,10446
GU2,38970
GU21,49671
GU22,35443
GU23,7092
GU24,18605
GU25,6276
GU26,7915
GU27,18183
GU28,6693
GU29,9899
GU3,11601
GU30,10113
GU31,11548
GU32,12223
GU33,8654
GU34,33317
GU35,22315
GU4,16398
GU46,14431
GU47,19217
GU5,10929
GU51,25130
GU52,18483
GU6,15602
GU7,24013
GU8,17766
GU9,31306
HA0,53145
HA1,41489
HA2,58182
HA3,74087
HA4,52171
HA5,45383
HA6,23249
HA7,38700
HA8,71316
HA9,53449
HD1,27742
HD2,29836
HD3,30917
HD4,31343
HD5,31971
HD6,27115
HD7,22742
HD8,34050
HD9,36168
HG1,34864
HG2,32829
HG3,27941
HG4,25655
HG5,18441
HP1,26035
HP10,18716
HP11,15680
HP12,23439
HP13,44687
HP14,17285
HP15,16994
HP16,11447
HP17,10393
HP18,20975
HP19,28872
HP2,42124
HP20,17154
HP21,36825
HP22,28508
HP23,17953
HP27,12357
HP3,34970
HP4,24997
HP5,26812
HP6,15284
HP7,11161
HP8,6877
HP9,18081
HR1,34159
HR2,40768
HR3_HR5,12731
HR4,31491
HR6,21500
HR7,7370
HR8,14984
HR9,22066
HS1,4955
HS1_HS2,18982
HS2_HS3_HS4_HS5,15854
HS3_HS4_HS5_HS6_HS7_HS8_HS9,7738
HS6_HS7_HS8_HS9,5911
HU10,19824
HU11,12284
HU12,25468
HU13,15250
HU14,8394
HU15,25351
HU16,16122
HU17,43609
HU18,9007
HU19,7288
HU1_HU2,8286
HU20_YO43,14148
HU3,29783
HU4,22870
HU5,49704
HU6,34227
HU7,45209
HU8,33555
HU9,41712
HX1,26923
HX2,37880
HX3,46827
HX4,12141
HX5,10847
HX6,19472
HX7,13343
IG1,71549
IG10,33548
IG11,64496
IG2,31410
IG3,38886
IG4,10291
IG5,17547
IG6,30287
IG7,22088
IG8,37353
IG9,13270
IP1,40336
IP10_IP5,24194
IP11,30525
IP12,26008
IP13,19293
IP14,42753
IP15_IP16,9258
IP17,12194
IP18_IP19,14307
IP2,32103
IP20,8514
IP21,11470
IP22,23299
IP22_IP98,23299
IP23,7615
IP23_IP98,7615
IP24,30384
IP25,20137
IP26,9322
IP27,19921
IP28,29285
IP29,9195
IP3,34571
IP30,14450
IP31,21237
IP32,17805
IP33,24964
IP4,37617
IP6,17897
IP7,17239
IP8,11349
IP9,11561
IV12,13283
IV13_PH19_PH20_PH23_PH24_PH25_PH26_PH30_PH31_PH34_PH49_PH50,12125
IV13_PH20_PH22_PH23_PH24_PH25_PH26,12379
IV14_IV15_IV16,9793
IV14_IV16_IV23_IV24,6241
IV15,5803
IV17,6556
IV18,6043
IV19_IV20,7715
IV19_IV20_IV25,10340
IV1_IV10_IV11_IV8_IV9,8640
IV1_IV10_IV11_IV8_IV9_IV99,8640
IV2,51066
IV21_IV22_IV23_IV24_IV26_IV27,10323
IV21_IV22_IV4_IV52_IV53_IV54,9180
IV25_IV28_KW10_KW11_KW12_KW13_KW2_KW3_KW5_KW6_KW7_KW8_KW9,10853
IV26_IV27,5455
IV28_KW10_KW11_KW12_KW13_KW2_KW3_KW5_KW6_KW7_KW8_KW9,8228
IV3,19578
IV30,35528
IV31,8106
IV36,16597
IV40_IV63_PH31_PH32_PH35,6648
IV41_IV42_IV43_IV44_IV45_IV46_IV47_IV48_IV49_IV55_IV56_PH41_PH42_PH43_PH44,6043
IV41_IV42_IV43_IV44_IV45_IV46_IV47_IV48_IV49_IV55_IV56_PH42_PH43_PH44,5139
IV4_IV40_IV52_IV53_IV54,8967
IV51,5287
IV5_IV6,6019
IV63_PA80_PH32_PH35_PH36_PH37_PH38_PH39_PH40,6408
IV7,6126
KA1,29171
KA10,16062
KA11,20543
KA12,18468
KA13,16850
KA14_KA24,6334
KA15,6933
KA16_KA17,7131
KA18,20362
KA19,7379
KA2,7023
KA20,9315
KA21,12349
KA22,10700
KA23_KA28_KA29,7970
KA25,6962
KA26,10391
KA27_PA28,11380
KA27_PA28_PA29_PA30_PA41,14955
KA3,39831
KA30_PA17,13406
KA4,5367
KA5,9718
KA6,19083
KA7,28131
KA8,19257
KA9,16058
KT1,25596
KT10,22244
KT11,16585
KT12,38245
KT13,22496
KT14,13148
KT15,29838
KT16,20070
KT17,25382
KT18,18076
KT19,37717
KT2,37902
KT20,20711
KT21,14031
KT22,25050
KT23,11019
KT24,9490
KT3,40123
KT4,30594
KT5,22301
KT6,34256
KT7,10726
KT8,19554
KT9,21786
KW1,10649
KW14,12092
KW15_KW16,12682
KW17,9588
KY1,25963
KY10_KY9,10948
KY11,64497
KY12,39492
KY12_KY99,39492
KY13,11911
KY14,6768
KY15,21672
KY16,27239
KY2,30831
KY3,11574
KY4,22503
KY5,20484
KY6,18333
KY7,27274
KY8,34255
L10,15165
L11,28370
L12,30122
L13,30519
L14,26388
L15,30606
L16,14532
L17,23855
L18,26857
L19,25112
L1_L2_L69_L70,17890
L1_L2_L75,17683
L20,33117
L21,25440
L22,13666
L23,30592
L24,16820
L24_L70,16820
L25,33111
L26,15343
L27,6400
L28,6806
L29_L30_L38,22954
L29_L30_L38_L68_L71_L72_L75_L80,22954
L31,29310
L32,20648
L33,18184
L34,12947
L35,30729
L36,41030
L37,23350
L39,28944
L3_L74,23868
L4,40482
L40,19860
L5,14154
L6,26405
L67_L9,31861
L69_L7,23714
L7,23507
L8,37409
LA1,56098
LA10_LA8,12617
LA11,10154
LA12,20170
LA13,18724
LA14,37161
LA15_LA16,10604
LA17_LA20_LA21_LA22,8492
LA18,8232
LA2,24299
LA23,8821
LA3,25733
LA4,26766
LA5,16259
LA6,13155
LA7,5108
LA9,31896
LD1,11536
LD2,5468
LD3,19512
LD4_LD5_LD6_SY18,9226
LD7_LD8,8952
LE10,52471
LE11,68297
LE12,68627
LE13,27595
LE14,17618
LE15,34797
LE16,37914
LE16_LE94,37914
LE17,22576
LE18,32886
LE19,15908
LE19_LE21_LE41_LE95,15908
LE1_LE55_LE87,21190
LE1_LE87,21190
LE2,122445
LE3,108873
LE4,101496
LE5,92009
LE6,12374
LE65,16624
LE67,64009
LE7,49474
LE8,39751
LE9,58852
LL11,38912
LL12,27792
LL13,36183
LL14,33718
LL15,10612
LL16,16016
LL17,5578
LL18,41869
LL19,19663
LL20,8065
LL21,6574
LL22,18236
LL23_LL37_LL38_LL39_LL40_LL42,12738
LL24_LL25_LL26_LL27,7664
LL28,14074
LL29,19407
LL30,21955
LL31,11420
LL32_LL34,11576
LL33_LL57,32199
LL35_LL36,5521
LL41_LL43_LL44_LL45_LL46_LL47,10920
LL48_LL49_LL51_LL52,10683
LL53,17573
LL53_LL56,20090
LL54,11768
LL55,22585
LL55_LL56,25102
LL58_LL59,9124
LL60_LL62_LL63_LL64,6860
LL61,6238
LL65,24131
LL66_LL67_LL68_LL71,9625
LL69_LL70_LL72_LL73_LL74_LL75_LL76_LL78,6598
LL77,7468
LN1,30884
LN10,5923
LN11,29393
LN12,13345
LN13,8128
LN2,40069
LN3,9978
LN4,41006
LN5,36372
LN6,62227
LN8,18301
LN9,10095
LS1,7627
LS10,39567
LS10_LS88_LS98_LS99,39567
LS11,39596
LS11_LS98,39596
LS12,42538
LS13,35542
LS14,36504
LS15,34418
LS16,35897
LS17,43081
LS18,20189
LS19,19373
LS2,12225
LS20,12454
LS21,17833
LS22,15922
LS23,9339
LS24,12575
LS25,41113
LS26,30565
LS27,36161
LS28,39604
LS29,32151
LS3,6937
LS4,9466
LS5,8252
LS6,51099
LS7,31636
LS8,52042
LS9,43676
LU1,49856
LU2,58619
LU3,62186
LU4,52810
LU5,42068
LU6,34379
LU7,60544
M1,21850
M11,22886
M12,18409
M13,26590
M14,57009
M15,29689
M16,37030
M17_M32,29124
M18,26262
M19,36441
M20,49339
M21,28631
M22,43144
M22_M90,43159
M23,30960
M23_M90,30975
M24,49920
M25,32150
M26,36818
M27,42817
M28,41104
M29,23725
M2_M4_M60_M61_M99,18068
M2_M4_M60_M99,18068
M3,17498
M30,38819
M31,8567
M33,63417
M34,46410
M35,20624
M38,15087
M40,43309
M41,41770
M43,23555
M44,20031
M45,23059
M46,23554
M5,18648
M50,6328
M6,34912
M7,32861
M8,33666
M9,43049
ME1,32468
ME10,53025
ME11_ME9,26086
ME12,41833
ME13,29448
ME14,33299
ME14_ME99,33299
ME15,53642
ME16,33701
ME17,25650
ME18,7020
ME19,25449
ME2,42790
ME20,21729
ME3,28322
ME4,34309
ME5,52551
ME6,11891
ME7,54390
ME8,49821
MK10,21632
MK11,8774
MK12,14004
MK13,18601
MK14,20328
MK15_MK9,11814
MK16,18019
MK17,18548
MK18,34764
MK19,11932
MK1_MK11_MK77,9563
MK1_MK7,15310
MK2,15418
MK3,26010
MK4,23382
MK40,36928
MK41,42703
MK42,51776
MK43,38072
MK44,15942
MK45,47428
MK46,8734
MK5,15987
MK6,28973
MK7,14521
MK8,13223
ML1,57448
ML10,11178
ML11,34441
ML12,8592
ML2,40180
ML3,52677
ML4,21872
ML5,47581
ML6,55498
ML7,15037
ML8,19338
ML9,23332
N1,106157
N10,27624
N11,32412
N12,32263
N13,33841
N14,31380
N15,49699
N16,73034
N17,68595
N18,35479
N19,36654
N1C_NW1,75137
N1C_NW1_NW1W,75137
N1_N1P,106157
N2,25676
N20,20282
N21,24461
N22,46262
N3,29048
N4,53968
N5,28317
N6,19168
N7,58291
N8,40374
N8_N81,40374
N9,55771
NE1,18841
NE10,35156
NE11,16404
NE12,36117
NE13,16964
NE15,33069
NE16,24904
NE17_NE39,13273
NE18_NE43_NE44_NE45,10506
NE19_NE48_NE49,10873
NE1_NE99,18841
NE2,33993
NE20,12305
NE21,17591
NE22,18237
NE23,38823
NE24,40169
NE25,30815
NE26,19476
NE27,14873
NE28,46355
NE29,36391
NE3,52439
NE30,21999
NE31,21581
NE32,24970
NE33,28310
NE34,52934
NE35,6314
NE36,6988
NE37,20228
NE37_NE85,20228
NE38,31226
NE38_NE85,31226
NE4,43787
NE40,15355
NE41_NE42,15011
NE46,15566
NE47,7808
NE5,48591
NE6,51229
NE61,33759
NE62,9260
NE63,28204
NE64,6081
NE65,20799
NE66,17556
NE67_NE68_NE69_NE70,5046
NE71_TD12,7183
NE7_NE88,14775
NE7_NE98,14775
NE8,37249
NE9,37107
NG1,23145
NG10,48660
NG11_NG80,39066
NG12,34898
NG13,23344
NG14,19833
NG15,44647
NG16,65018
NG17,77764
NG18,44697
NG19,53300
NG2,62928
NG20,28451
NG21,23634
NG22,27913
NG23,17725
NG24,49216
NG25,9003
NG3,52488
NG31,47164
NG32,13414
NG33,9882
NG34,43395
NG4,41512
NG5,89613
NG6,38927
NG7_NG90,60967
NG8,68678
NG9,78093
NN1,33849
NN10,42065
NN11,40121
NN12,25516
NN13,20905
NN14,45191
NN15,39723
NN16,31373
NN17,31229
NN18,39214
NN2,38824
NN29,11736
NN3,72716
NN4,49706
NN5,42000
NN6,36216
NN7,29236
NN8,52744
NN9,28222
NP10,25300
NP11,37953
NP12,34248
NP13,19722
NP15,8418
NP16,24188
NP18,16196
NP19,56628
NP20,53764
NP22,22392
NP23,33514
NP25,16346
NP26,23424
NP4,46535
NP44,48745
NP7,27418
NP8,5426
NR1,27348
NR10,23945
NR11,19001
NR12,22128
NR13,28311
NR14,26693
NR15,16254
NR16,12634
NR17,17021
NR18,20554
NR19,20876
NR1_NR99,27348
NR2,27051
NR20,19858
NR21,16141
NR22_NR23_NR24_NR25,17720
NR26,8593
NR27,11992
NR28,17655
NR29,20068
NR3,33736
NR30,32199
NR31,50619
NR32,40557
NR33,40238
NR34,22816
NR35,11210
NR4,25889
NR5,31333
NR6,25068
NR7,33446
NR8,23071
NR9,18729
NW10,96940
NW10_NW26,96940
NW11,36336
NW2,73101
NW3,65388
NW4,34611
NW5,37014
NW6,73072
NW7,28600
NW8,41813
NW9,72200
OL1,23776
OL10,29903
OL11,48013
OL12,47711
OL13,16377
OL14,16107
OL15,14624
OL16,39904
OL1_OL95,23776
OL2,40802
OL3,15629
OL4,46837
OL5,11491
OL6,30346
OL7,17721
OL8,45828
OL9,42975
OX1,27277
OX10,27839
OX11,40556
OX12,27626
OX13,15620
OX14,46715
OX15,19856
OX16,48553
OX17,18348
OX18,27353
OX2,40989
OX20,5270
OX25,11884
OX26,35318
OX27,7135
OX28,28286
OX29,24483
OX3,46754
OX33,7776
OX39_OX49,11929
OX4,58382
OX44,7967
OX5,23968
OX7,24033
OX9,15131
PA1,22692
PA10_PA12_PA9,8917
PA11,5774
PA13_PA14,19936
PA13_PA15_PA18,23887
PA14,15524
PA15,17036
PA16,27677
PA16_PA18,30116
PA19,10993
PA2,39961
PA20,6068
PA21_PA22_PA24_PA25_PA26_PA27_PA32_PA33_PA35_PA36_PA37_PA38,9585
PA23,11850
PA29_PA30_PA31_PA41_PA42_PA43_PA44_PA45_PA46_PA47_PA48_PA49_PA60,11622
PA3,24472
PA31_PA42_PA43_PA44_PA45_PA46_PA47_PA48_PA49_PA60_PA61,8190
PA34_PA61_PA62_PA63_PA64_PA65_PA66_PA67_PA68_PA69_PA70_PA71_PA72_PA73_PA74_PA75_PA76_PA77_PA78,14420
PA34_PA62_PA63_PA64_PA65_PA66_PA67_PA68_PA69_PA70_PA71_PA72_PA73_PA74_PA75_PA76_PA77_PA78,14277
PA4,25907
PA5,21800
PA6,6570
PA7,7975
PA8,14746
PA80_PH33,12182
PE1,55409
PE10,24895
PE11,48158
PE12,40978
PE13,38756
PE14,21418
PE15,31138
PE16,11157
PE19,46845
PE2,49366
PE20,14865
PE21,47493
PE22,17358
PE23,9136
PE24,11980
PE25,22445
PE26,11633
PE27,20879
PE28,49788
PE29,32157
PE3,31567
PE30,46453
PE31_PE35,19756
PE32,15863
PE33,15859
PE34,14377
PE36,6111
PE37,11519
PE38,15912
PE3_PE5,32957
PE4,28228
PE5_PE6,38939
PE6,37549
PE7,48189
PE8,19012
PE9,32935
PH1,44281
PH10,11154
PH11_PH12,5521
PH13_PH14,6460
PH15_PH16_PH17_PH18,8480
PH15_PH16_PH17_PH18_PH8_PH9,11752
PH19_PH21_PH30_PH34_PH36_PH37_PH38_PH39_PH40_PH41_PH49_PH50,8530
PH2,36037
PH21_PH22,6132
PH3,7059
PH33,11766
PH5_PH6_PH8_PH9,6689
PH7,8989
PL1,26230
PL10_PL11,13730
PL12,22246
PL13,9490
PL14,24245
PL15,22249
PL16_PL19,18590
PL17,10012
PL18,5245
PL1_PL95,26230
PL2,32825
PL20,12005
PL21,18226
PL22_PL23,7305
PL24,10767
PL25,27974
PL26,28760
PL27_PL28,17718
PL29_PL30,11677
PL3,30708
PL31,16230
PL32_PL33_PL34_PL35,9564
PL4,35957
PL5,43621
PL6,41680
PL7,31128
PL8,6134
PL9,29195
PL9_PL95,29195
PO1,34550
PO10,19010
PO11,17908
PO12,48347
PO13,36626
PO14,33664
PO15,23582
PO16,33546
PO17,6850
PO18,13999
PO19,33551
PO2,42338
PO20,34601
PO21,43919
PO22,31474
PO3,20584
PO30,31448
PO31,14950
PO32,8824
PO33_PO34,33906
PO35_PO36,20454
PO37,9349
PO38,12594
PO39_PO40_PO41,10246
PO4,43452
PO5,31643
PO6,42098
PO7,43977
PO8,35617
PO9,51409
PR0_PR1,74923
PR0_PR1_PR11,74923
PR11_PR2,77400
PR2,77400
PR25,32360
PR26,15661
PR3,40076
PR4,61819
PR5,41020
PR6,36727
PR7,64084
PR8,55530
PR9,43648
RG1,46423
RG10,18742
RG12,58855
RG14,41508
RG17,15588
RG18,19927
RG19,16541
RG2,44429
RG20,19753
RG21,29094
RG22,41701
RG23,12923
RG24,36116
RG25,8381
RG26,21971
RG27,23387
RG28,6077
RG29,7295
RG30,44485
RG31,27524
RG4,38057
RG40,30422
RG41,30651
RG42,27158
RG45,14809
RG5,27427
RG6,40000
RG7,33509
RG8,19508
RG9,22838
RH1,50426
RH10,69762
RH10_RH77,69762
RH11,58060
RH12,51002
RH13,39687
RH14,15864
RH15,33275
RH16,39094
RH17,19812
RH18_TN7,7192
RH19,35463
RH2,27756
RH20,26167
RH3_RH5,20453
RH4,16438
RH6,33255
RH7,8911
RH8,15810
RH9,5631
RM1,23539
RM10,42746
RM11,32329
RM12,35784
RM13,30878
RM14,27657
RM15,31691
RM16,43803
RM17,30530
RM18,19412
RM19,8099
RM2,14141
RM20,7108
RM3,47627
RM5,20472
RM6,36558
RM7,32455
RM8,46897
RM9,38829
S1,17140
S10,48951
S11,36252
S12,34514
S13,30973
S14,10394
S17,16076
S18,24660
S2,49424
S20,30241
S21,20941
S25,21453
S26,25834
S3,28153
S32,5660
S33_SK22,17221
S35,40209
S36,29353
S4,16236
S40_S49,35883
S41,36702
S42,29431
S43,41648
S44,22209
S45,14254
S4_S96_S97_S98_S99,16236
S5,63759
S6,59523
S60,41269
S61,35461
S61_S95,35461
S62,20361
S63,41947
S64,31267
S65,36704
S66,45877
S7,18033
S70,42544
S71,48662
S72,25990
S73,29419
S74,18490
S75,45013
S8,45847
S80,32090
S81,37978
S9,30015
SA1,52985
SA10,31608
SA11,36575
SA12,33147
SA13,19951
SA14,35151
SA15,38351
SA16,8389
SA17,9567
SA18,30640
SA19_SA20,12998
SA2,37558
SA3,26038
SA31,18086
SA32_SA39,10086
SA33_SA38,17234
SA34,5165
SA35_SA36_SA37_SA41_SA42,7029
SA4,46370
SA40_SA48_SY25,16530
SA43,13083
SA44,11139
SA45_SA46_SA47,5306
SA5,37689
SA6,33796
SA61,14792
SA62,21879
SA63_SA64_SA65_SA66,11436
SA67,7275
SA68_SA69,8022
SA6_SA99,33796
SA7,15657
SA70,9012
SA71,11034
SA72,10196
SA73,21552
SA7_SA80,15657
SA8,13155
SA9,15305
SE1,80872
SE10,36346
SE11,22512
SE12,29853
SE13,48183
SE14,26895
SE15,67234
SE16,58120
SE16_SE1P,58120
SE17,34698
SE18,86278
SE19,30037
SE2,28793
SE20,26055
SE21,15311
SE22,32030
SE23,36135
SE24,19396
SE25,36833
SE26,32014
SE27,23243
SE28,34613
SE3,34989
SE4,30316
SE5,49608
SE6,58289
SE7,22305
SE8,32937
SE9,65863
SG1,55619
SG10_SG11,10502
SG12,31497
SG13,17578
SG14,20990
SG15,6106
SG16,6922
SG17,13957
SG18,29663
SG19,25516
SG2,42452
SG3,7580
SG4,30210
SG5,35930
SG6,34508
SG7,13689
SG8,39344
SG9,11604
SK1,12426
SK10,39774
SK11,36556
SK12,19143
SK13,33561
SK14,48640
SK15,28233
SK16,19835
SK17,32043
SK2,30486
SK23,18163
SK3,29168
SK4,36083
SK5,30938
SK6,51272
SK7,41397
SK8,60945
SK9,39254
SL0,12032
SL1,73635
SL2,56322
SL3,49030
SL3_SL95,49030
SL4,45114
SL5,25001
SL6,82542
SL6_SL60,82542
SL7,20797
SL8,6365
SL9,21863
SM1,42149
SM2,29467
SM3,22239
SM4,37273
SM5,41490
SM6,39826
SM7,19778
SN1,36136
SN10,32404
SN11,23922
SN12,27162
SN13,17203
SN14,28174
SN15,35954
SN16,14765
SN2,42861
SN25,40245
SN26_SN38_SN6,23778
SN26_SN6,23778
SN2_SN99,42861
SN3,53652
SN38_SN5,33972
SN4,28136
SN5,33972
SN7,14879
SN8,24458
SN9,8183
SO14,32741
SO15,46453
SO16,69021
SO17,21618
SO18,37269
SO19,56589
SO20,8150
SO21,19797
SO22,30275
SO23,25187
SO23_SO25,25187
SO24,11207
SO30,33943
SO30_SO97,33943
SO31,47208
SO32,21481
SO40,42619
SO41,32835
SO42_SO43,9834
SO45,35063
SO50,50924
SO51,28714
SO52,6982
SO53,32848
SP1,22505
SP10,40923
SP11,31808
SP2,30018
SP3,11757
SP4,36933
SP5,22445
SP6,14055
SP7,15271
SP8,14717
SP9,13065
SR1,6092
SR2,33426
SR3,37859
SR4,42865
SR5,34609
SR6,29969
SR7,31543
SR8,34170
SS0,43535
SS1,28281
SS11,18631
SS12,18795
SS13,22920
SS14,28858
SS15,33605
SS16,32370
SS17,32646
SS1_SS22_SS99,28281
SS2,38767
SS2_SS99,38767
SS3,29807
SS4,22155
SS5,22975
SS6,33231
SS7,50903
SS8,38849
SS9,51760
ST1,32511
ST10,25651
ST11,9960
ST12_ST15,26515
ST12_ST20,11053
ST13,28567
ST14,20926
ST15,22435
ST16,33828
ST17,39127
ST18,17961
ST19,15426
ST2,34706
ST20,6973
ST21,6381
ST3,67994
ST4,57705
ST5_ST55,87205
ST6,67223
ST7,54111
ST8,20690
ST9,12175
SW10,19468
SW11,82881
SW11_SW95,82881
SW12,32874
SW13,15970
SW14,17469
SW15,65463
SW16,90212
SW17,66349
SW18,65031
SW19,79427
SW1A_SW1E_SW1H_SW1Y_W1D_W1F_W1J_WC2E_WC2N,10050
SW1A_SW1E_SW1H_W1A_W1B_W1C_W1K_W1S_W1W,13150
SW1P,16590
SW1V,26769
SW1W,9389
SW1X,7116
SW1Y_WC2B_WC2E_WC2H_WC2N_WC2R,7048
SW2,56917
SW20,30066
SW3,22979
SW4,41351
SW5,15271
SW6,67473
SW7,21354
SW8,36927
SW9,46086
SY1,28508
SY10,15807
SY11,28011
SY12,8689
SY13,20157
SY14,6552
SY15,5313
SY16,15851
SY17_SY19_SY20,11539
SY2,18560
SY21,17044
SY22,8964
SY23_SY24,32913
SY3,35331
SY4,26408
SY5,22534
SY5_SY99,22534
SY6_SY9,9981
SY7,11576
SY8,19099
TA1,42353
TA10,9714
TA11,9354
TA12_TA13,10538
TA14_TA15_TA16_TA17,6233
TA18,10318
TA19,12207
TA2,30545
TA20,21011
TA21,20345
TA22_TA23,7972
TA24,19044
TA3,14951
TA4,19571
TA5,11709
TA6,51539
TA7,15639
TA8,16803
TA9,13520
TD1,18281
TD10_TD11_TD3_TD4,11884
TD11,7458
TD13_TD14,7205
TD15,18291
TD5,11283
TD6,8345
TD7,7120
TD8,6077
TD9,18121
TF1,40892
TF10,19913
TF11,11857
TF12,5517
TF13_TF8,6553
TF2,40376
TF3,26088
TF3_WV99,26088
TF4,21967
TF5_TF6,10433
TF7,18888
TF9,26911
TN1,13157
TN10,17146
TN11,15113
TN12,30628
TN13,26526
TN14,16619
TN15,25694
TN16,19112
TN17,14682
TN18,6686
TN19,5309
TN2,29874
TN20_TN5,12487
TN21,17037
TN22,28179
TN23,44965
TN24,33827
TN25,18791
TN26,12159
TN27,13712
TN28,9157
TN29,13580
TN3,12023
TN30,9508
TN31_TN36,17143
TN32,5195
TN33,13391
TN34,31223
TN35,17737
TN37,21180
TN38,29358
TN39,27038
TN4,32047
TN40,18882
TN6,26251
TN8,14043
TN9,19354
TQ1,32036
TQ10_TQ11,8291
TQ12,57545
TQ13,24292
TQ14,20144
TQ2,35865
TQ3,31861
TQ4,20014
TQ5,19272
TQ6,8254
TQ7_TQ8,19026
TQ9,19013
TR1,22785
TR10,13345
TR11,30827
TR12,10183
TR13,20706
TR14,26406
TR15,21575
TR16,16123
TR17_TR20,11500
TR18,19545
TR18_TR21_TR22_TR23_TR24_TR25,21769
TR19,9168
TR19_TR21_TR22_TR23_TR24_TR25,11392
TR2,10230
TR26,11221
TR27,16283
TR3,13236
TR4,12669
TR5_TR6,8057
TR7,21640
TR8,10281
TR9,9021
TS1,19360
TS10,38042
TS11,11321
TS12,23103
TS13,10049
TS14,18364
TS15,14048
TS16,10612
TS17,48255
TS18_TS2,26972
TS19,37224
TS20,21285
TS21,12749
TS22,9441
TS23,29183
TS24,22899
TS25,38785
TS26,25682
TS27,11934
TS28,5364
TS29,6232
TS3,28452
TS4,18356
TS5,39622
TS6,30516
TS7,21798
TS8,21441
TS9,12742
TW1,27900
TW10,21187
TW11,24773
TW12,23703
TW13,38770
TW14,29499
TW15,28266
TW16,21744
TW17,13991
TW18,26660
TW19,18261
TW2,31708
TW20,28548
TW3,45279
TW4,30349
TW5,30517
TW6_UB11_UB7,36499
TW7,39325
TW8,22326
TW9,23993
UB1,39646
UB10,39351
UB18_UB2,34528
UB3,57835
UB4,43560
UB5,45764
UB6,50212
UB8,39576
UB9,15046
W10,33223
W11,30009
W12,49274
W13,31624
W14,36289
W1A_W1B_W1C_W1K_W1S_WC2B_WC2R,7158
W1D_W1F_W1G_W1J,8726
W1G_W1W,8892
W1H,7806
W1T,5703
W1U,6701
W2,55358
W3,55947
W4,44650
W5,50269
W6,35627
W7,27935
W8,20215
W9,43211
WA1,23013
WA10,40057
WA11,40010
WA12,24654
WA13,13163
WA14,31541
WA15,43881
WA16,23736
WA1_WA55,23013
WA2,41891
WA3,47882
WA4,48707
WA5,61964
WA6,19078
WA7,63355
WA8_WA88,64946
WA9,51163
WC1H,9573
WC1N,9419
WC1X,8912
WD17,19276
WD18,26243
WD18_WD99,26243
WD19,28795
WD23,27317
WD24,22393
WD25,29685
WD3,42619
WD4,11771
WD5,11775
WD6,39982
WD7,12502
WF1,39523
WF10,50147
WF11,17800
WF12,35642
WF13,30411
WF14,20430
WF15,18055
WF16,12712
WF17,44774
WF1_WF90,39523
WF2,53038
WF3,33301
WF4,44680
WF5,22122
WF6,21981
WF7,22207
WF8,34215
WF9,41737
WN1,20877
WN2,54175
WN3,31515
WN4,28289
WN5,45870
WN6,40360
WN7,49212
WN8,47050
WR1,11023
WR10,19221
WR11,48184
WR12,6059
WR13,8772
WR14,35749
WR15,7410
WR1_WR99,11023
WR2,30858
WR3,21007
WR4,25804
WR5,33012
WR5_WR99,33012
WR6,12825
WR7,5538
WR8,7982
WR9,32725
WS1,29874
WS10,49645
WS11,44599
WS12,36762
WS13,28028
WS14,17457
WS15,38951
WS2,42751
WS3,53712
WS4,17431
WS5,21874
WS6,17838
WS7,29911
WS8,16532
WS9,26427
WV1,18322
WV10,61833
WV11,35595
WV12,25207
WV13,22176
WV14,49332
WV15,8574
WV16,18540
WV2,19464
WV3,30979
WV4,34474
WV5,15764
WV6,46158
WV7,6401
WV8,16289
WV9,6824
YO10,34395
YO11,23825
YO12,39913
YO13,10428
YO14,11552
YO15,13873
YO16,25325
YO17,23563
YO18,11663
YO19,12945
YO1_YO90,7655
YO21,13642
YO22,8787
YO23,20387
YO24,30791
YO25,33840
YO26,32130
YO30,27435
YO31,32151
YO32,28696
YO41,11164
YO42,15623
YO51,5962
YO60_YO62,17067
YO61,14738
YO7,20895
YO8,47490
ZE1,8198
ZE2_ZE3,14721
