date,notifications,cases_directly_averted_perfect,cases_directly_averted_80_percent,cases_directly_averted_60_percent,cases_directly_averted_40_percent,cases_directly_averted_20_percent
2021-04-01,1260,14.21454686881035,11.371637495048281,8.52872812128621,5.685818747524141,2.8429093737620703
2021-04-02,1306,15.232120119687142,12.185696095749714,9.139272071812284,6.092848047874857,3.0464240239374285
2021-04-03,1133,13.726868661475192,10.981494929180155,8.236121196885115,5.490747464590077,2.7453737322950387
2021-04-04,930,11.768027487213132,9.414421989770506,7.060816492327879,4.707210994885253,2.3536054974426266
2021-04-05,1009,13.393143509581154,10.714514807664925,8.035886105748693,5.357257403832462,2.678628701916231
2021-04-06,707,9.907591265364099,7.92607301229128,5.944554759218459,3.96303650614564,1.98151825307282
2021-04-07,855,12.72855130394375,10.182841043155001,7.637130782366249,5.091420521577501,2.5457102607887503
2021-04-08,1127,17.822429489455978,14.257943591564782,10.693457693673587,7.128971795782391,3.5644858978911955
2021-04-09,929,15.456664284675956,12.365331427740765,9.273998570805572,6.182665713870382,3.091332856935191
2021-04-10,1042,17.85541231888156,14.284329855105248,10.713247391328935,7.142164927552624,3.571082463776312
2021-04-11,567,9.683617288457567,7.746893830766054,5.81017037307454,3.873446915383027,1.9367234576915136
2021-04-12,565,9.315796608562854,7.452637286850283,5.5894779651377124,3.7263186434251416,1.8631593217125708
2021-04-13,634,9.847834340090367,7.878267472072294,5.9087006040542205,3.939133736036147,1.9695668680180736
2021-04-14,732,10.558677874363278,8.446942299490622,6.335206724617967,4.223471149745311,2.1117355748726556
2021-04-15,753,10.060785849695781,8.048628679756625,6.036471509817469,4.0243143398783126,2.0121571699391563
2021-04-16,731,9.116041548935845,7.292833239148677,5.469624929361507,3.6464166195743384,1.8232083097871692
2021-04-17,1259,14.864339514332872,11.891471611466299,8.918603708599724,5.9457358057331495,2.9728679028665748
2021-04-18,1138,12.94642826855225,10.3571426148418,7.76785696113135,5.1785713074209,2.58928565371045
2021-04-19,1085,12.092698140274724,9.67415851221978,7.255618884164834,4.83707925610989,2.418539628054945
2021-04-20,1136,12.608273007680769,10.086618406144616,7.56496380460846,5.043309203072308,2.521654601536154
2021-04-21,1348,15.131071461833454,12.104857169466763,9.078642877100071,6.052428584733382,3.026214292366691
2021-04-22,1462,16.78595374116489,13.428762992931912,10.071572244698933,6.714381496465956,3.357190748232978
2021-04-23,1246,14.679331910024244,11.743465528019396,8.807599146014546,5.871732764009698,2.935866382004849
2021-04-24,1191,14.275601183452741,11.420480946762193,8.565360710071644,5.710240473381097,2.8551202366905484
2021-04-25,1066,12.788741507019282,10.230993205615427,7.673244904211568,5.115496602807713,2.5577483014038567
2021-04-26,1260,14.935289988186089,11.948231990548871,8.961173992911652,5.974115995274436,2.987057997637218
2021-04-27,1856,21.56065769164614,17.248526153316913,12.936394614987682,8.624263076658456,4.312131538329228
2021-04-28,1900,21.559591983170694,17.247673586536557,12.935755189902416,8.623836793268278,4.311918396634139
2021-04-29,1617,17.97093909663187,14.376751277305496,10.782563457979121,7.188375638652748,3.594187819326374
2021-04-30,1197,13.124968845625776,10.499975076500622,7.8749813073754655,5.249987538250311,2.6249937691251555
2021-05-01,1368,14.93266761752296,11.946134094018369,8.959600570513775,5.9730670470091844,2.9865335235045922
2021-05-02,1028,11.268661207503813,9.014928966003051,6.7611967245022875,4.507464483001526,2.253732241500763
2021-05-03,834,9.260301725457259,7.408241380365808,5.5561810352743555,3.704120690182904,1.852060345091452
2021-05-04,1355,15.422288818318549,12.33783105465484,9.25337329099113,6.16891552732742,3.08445776366371
2021-05-05,1747,20.638823131951526,16.51105850556122,12.383293879170916,8.25552925278061,4.127764626390305
2021-05-06,1561,19.29889156113603,15.439113248908825,11.579334936681619,7.7195566244544125,3.8597783122272062
2021-05-07,1354,17.546583006254355,14.037266405003486,10.527949803752612,7.018633202501743,3.5093166012508714
2021-05-08,1352,18.249823889619844,14.599859111695876,10.949894333771907,7.299929555847938,3.649964777923969
2021-05-09,937,12.988038978514787,10.390431182811831,7.7928233871088715,5.1952155914059155,2.5976077957029577
2021-05-10,1573,22.04647296568458,17.637178372547663,13.227883779410748,8.818589186273831,4.409294593136916
2021-05-11,1527,21.393034377014512,17.114427501611612,12.835820626208706,8.557213750805806,4.278606875402903
2021-05-12,1343,18.729193688877118,14.983354951101695,11.23751621332627,7.491677475550848,3.745838737775424
2021-05-13,1388,19.31935324626732,15.455482597013855,11.591611947760391,7.727741298506928,3.863870649253464
2021-05-14,1461,20.447061995308076,16.35764959624646,12.268237197184845,8.17882479812323,4.089412399061615
2021-05-15,1290,18.325426293862765,14.660341035090212,10.99525577631766,7.330170517545106,3.665085258772553
2021-05-16,1114,16.18010794660987,12.944086357287896,9.70806476796592,6.472043178643948,3.236021589321974
2021-05-17,1357,20.19719113386608,16.157752907092867,12.118314680319648,8.078876453546433,4.039438226773217
2021-05-18,1555,23.739099497452383,18.991279597961906,14.24345969847143,9.495639798980953,4.747819899490477
2021-05-19,1293,20.2965827072887,16.23726616583096,12.17794962437322,8.11863308291548,4.05931654145774
2021-05-20,1549,25.12177945990178,20.097423567921425,15.073067675941068,10.048711783960712,5.024355891980356
2021-05-21,1908,32.22612638134747,25.780901105077977,19.33567582880848,12.890450552538988,6.445225276269494
2021-05-22,1528,27.151875257084416,21.721500205667535,16.29112515425065,10.860750102833768,5.430375051416884
2021-05-23,1872,35.27997363597777,28.223978908782215,21.16798418158666,14.111989454391107,7.055994727195554
2021-05-24,2190,43.79499436767288,35.035995494138305,26.276996620603725,17.517997747069153,8.758998873534576
2021-05-25,3717,78.22682246192585,62.58145796954068,46.93609347715551,31.29072898477034,15.64536449238517
2021-05-26,3521,76.95601370283018,61.56481096226415,46.1736082216981,30.782405481132074,15.391202740566037
2021-05-27,4752,106.28499655731697,85.02799724585358,63.77099793439018,42.51399862292679,21.256999311463396
2021-05-28,4924,110.89992945356988,88.71994356285592,66.53995767214192,44.35997178142796,22.17998589071398
2021-05-29,4390,97.57154108413953,78.05723286731163,58.54292465048371,39.02861643365581,19.514308216827907
2021-05-30,5864,125.41997973507428,100.33598378805942,75.25198784104457,50.16799189402971,25.083995947014856
2021-05-31,6001,120.91142042126633,96.72913633701307,72.54685225275979,48.36456816850654,24.18228408425327
2021-06-01,8662,162.46820171716317,129.97456137373055,97.48092103029789,64.98728068686528,32.49364034343264
2021-06-02,12439,216.87520875051013,173.5001670004081,130.12512525030607,86.75008350020406,43.37504175010203
2021-06-03,16946,276.90649043371934,221.52519234697547,166.1438942602316,110.76259617348774,55.38129808674387
2021-06-04,14564,226.9559817715007,181.56478541720057,136.17358906290042,90.78239270860028,45.39119635430014
2021-06-05,12560,191.30710689066117,153.04568551252893,114.78426413439671,76.52284275626447,38.26142137813223
2021-06-06,13469,205.97967836474135,164.7837426917931,123.5878070188448,82.39187134589655,41.19593567294827
2021-06-07,13601,213.0507515487791,170.4406012390233,127.83045092926744,85.22030061951165,42.610150309755824
2021-06-08,21040,341.91531281018143,273.53225024814515,205.14918768610886,136.76612512407257,68.38306256203629
2021-06-09,19918,338.43598473198387,270.7487877855871,203.0615908391903,135.37439389279356,67.68719694639678
2021-06-10,22473,401.0145800918686,320.8116640734949,240.60874805512114,160.40583203674746,80.20291601837373
2021-06-11,19998,375.0980408075542,300.0784326460434,225.0588244845325,150.0392163230217,75.01960816151085
2021-06-12,19240,377.4873705741316,301.98989645930527,226.49242234447897,150.99494822965264,75.49747411482632
2021-06-13,17028,345.33906680854943,276.2712534468396,207.20344008512964,138.1356267234198,69.0678133617099
2021-06-14,17904,370.9058796348487,296.724703707879,222.54352778090922,148.3623518539395,74.18117592696974
2021-06-15,27457,576.1752664316562,460.94021314532495,345.7051598589937,230.47010657266247,115.23505328633124
2021-06-16,27945,592.1015238627174,473.68121909017395,355.2609143176304,236.84060954508698,118.42030477254349
2021-06-17,32385,694.5738582352407,555.6590865881925,416.7443149411444,277.82954329409625,138.91477164704813
2021-06-18,31325,685.3162312402264,548.2529849921812,411.18973874413587,274.1264924960906,137.0632462480453
2021-06-19,26351,595.0772797575349,476.061823806028,357.04636785452095,238.030911903014,119.015455951507
2021-06-20,23623,557.9720153454771,446.3776122763817,334.78320920728623,223.18880613819084,111.59440306909542
2021-06-21,28205,700.8895740637521,560.7116592510017,420.53374443825123,280.35582962550086,140.17791481275043
2021-06-22,38505,1005.3155358815748,804.2524287052598,603.1893215289448,402.1262143526299,201.06310717631496
2021-06-23,42183,1148.5939834982798,918.8751867986239,689.1563900989679,459.43759339931194,229.71879669965597
2021-06-24,42653,1194.0430050996938,955.2344040797551,716.4258030598163,477.61720203987755,238.80860101993878
2021-06-25,44573,1254.7178798392658,1003.7743038714127,752.8307279035595,501.88715193570636,250.94357596785318
2021-06-26,38770,1063.279087966519,850.6232703732153,637.9674527799114,425.31163518660765,212.65581759330382
2021-06-27,44083,1133.4345994450825,906.747679556066,680.0607596670495,453.373839778033,226.6869198890165
2021-06-28,53840,1260.2259609222974,1008.180768737838,756.1355765533784,504.090384368919,252.0451921844595
2021-06-29,63743,1337.79281796394,1070.234254371152,802.675690778364,535.117127185576,267.558563592788
2021-06-30,73364,1382.0762500599744,1105.6610000479795,829.2457500359847,552.8305000239898,276.4152500119949
2021-07-01,71911,1239.0930484750918,991.2744387800735,743.455829085055,495.63721939003676,247.81860969501838
2021-07-02,66752,1089.788047834941,871.8304382679528,653.8728287009645,435.9152191339764,217.9576095669882
2021-07-03,61171,993.3611149827135,794.6888919861708,596.0166689896281,397.3444459930854,198.6722229965427
2021-07-04,67344,1147.8148912312513,918.2519129850011,688.6889347387507,459.12595649250056,229.56297824625028
2021-07-05,75962,1409.3559397642546,1127.4847518114036,845.6135638585528,563.7423759057018,281.8711879528509
2021-07-06,92299,1890.0071568268488,1512.0057254614792,1134.0042940961093,756.0028627307396,378.0014313653698
2021-07-07,93017,2085.498985852504,1668.3991886820033,1251.2993915115023,834.1995943410017,417.09979717050084
2021-07-08,80140,1915.493710971392,1532.3949687771137,1149.296226582835,766.1974843885569,383.09874219427843
2021-07-09,79241,1939.22819398918,1551.3825551913442,1163.536916393508,775.6912775956721,387.84563879783605
2021-07-10,70864,1687.1550814034429,1349.7240651227544,1012.2930488420657,674.8620325613772,337.4310162806886
2021-07-11,74239,1622.7403386545163,1298.1922709236133,973.6442031927097,649.0961354618066,324.5480677309033
2021-07-12,87423,1674.003778618568,1339.2030228948545,1004.4022671711408,669.6015114474272,334.8007557237136
2021-07-13,101225,1650.2972718369076,1320.2378174695261,990.1783631021445,660.1189087347631,330.05945436738153
2021-07-14,124256,1710.4465656457674,1368.357252516614,1026.2679393874603,684.178626258307,342.0893131291535
2021-07-15,113455,1330.1785109310188,1064.142808744815,798.1071065586112,532.0714043724075,266.03570218620376
2021-07-16,111942,1138.7772778079302,911.0218222463442,683.266366684758,455.5109111231721,227.75545556158605
2021-07-17,104070,939.9925785484933,751.9940628387947,563.9955471290959,375.99703141939733,187.99851570969867
2021-07-18,83822,690.3245094702493,552.2596075761994,414.19470568214956,276.1298037880997,138.06490189404985
2021-07-19,90216,696.0915387658301,556.8732310126642,417.65492325949805,278.4366155063321,139.21830775316604
2021-07-20,92751,686.8876854222028,549.5101483377623,412.13261125332167,274.75507416888115,137.37753708444058
2021-07-21,91378,664.0716344167897,531.2573075334318,398.4429806500738,265.6286537667159,132.81432688335795
2021-07-22,77448,565.9915272782036,452.79322182256294,339.5949163669222,226.39661091128147,113.19830545564074
2021-07-23,57429,434.73075349344276,347.7846027947542,260.8384520960656,173.8923013973771,86.94615069868856
2021-07-24,52550,426.8797965959128,341.5038372767303,256.1278779575477,170.75191863836514,85.37595931918257
2021-07-25,50200,454.2281350214092,363.38250801712735,272.53688101284547,181.69125400856367,90.84562700428184
2021-07-26,46896,485.07107211084593,388.05685768867676,291.0426432665075,194.02842884433838,97.01421442216919
2021-07-27,52722,630.1971126295416,504.1576901036333,378.11826757772496,252.07884505181664,126.03942252590832
2021-07-28,58335,802.139967191468,641.7119737531744,481.2839803148808,320.8559868765872,160.4279934382936
2021-07-29,55732,864.4044004705974,691.5235203764779,518.6426402823583,345.76176018823895,172.88088009411948
2021-07-30,47390,801.5436514131314,641.2349211305052,480.92619084787884,320.6174605652526,160.3087302826263
2021-07-31,39501,694.9449303490554,555.9559442792444,416.96695820943324,277.9779721396222,138.9889860698111
2021-08-01,36454,630.9504232517644,504.76033860141155,378.57025395105865,252.38016930070577,126.19008465035289
2021-08-02,37815,617.1198039152462,493.69584313219696,370.2718823491477,246.84792156609848,123.42396078304924
2021-08-03,46423,697.5310678607613,558.024854288609,418.51864071645673,279.0124271443045,139.50621357215226
2021-08-04,52893,727.7089202106025,582.167136168482,436.6253521263615,291.083568084241,145.5417840421205
2021-08-05,46965,598.6805268337869,478.94442146702954,359.2083161002721,239.47221073351477,119.73610536675739
2021-08-06,36369,441.6811694820159,353.34493558561275,265.00870168920954,176.67246779280637,88.33623389640319
2021-08-07,33371,402.9195766494199,322.335661319536,241.75174598965194,161.167830659768,80.583915329884
2021-08-08,31599,399.23472665087064,319.38778132069655,239.54083599052237,159.69389066034827,79.84694533017414
2021-08-09,32216,442.22193898568145,353.7775511885452,265.33316339140885,176.8887755942726,88.4443877971363
2021-08-10,39142,595.5510576143489,476.44084609147916,357.33063456860936,238.22042304573958,119.11021152286979
2021-08-11,41243,699.2825075132077,559.4260060105662,419.56950450792465,279.7130030052831,139.85650150264155
2021-08-12,35897,672.6317805747486,538.1054244597989,403.5790683448492,269.05271222989944,134.52635611494972
2021-08-13,33838,684.7136903059306,547.7709522447445,410.8282141835584,273.88547612237227,136.94273806118613
2021-08-14,30444,639.6333365680871,511.7066692544697,383.78000194085223,255.85333462723486,127.92666731361743
2021-08-15,32047,664.5232098332325,531.618567866586,398.7139258999395,265.809283933293,132.9046419666465
2021-08-16,31274,614.3100529260402,491.44804234083216,368.5860317556241,245.72402117041608,122.86201058520804
2021-08-17,38813,703.356363405494,562.6850907243952,422.0138180432964,281.3425453621976,140.6712726810988
2021-08-18,44653,737.2788500993809,589.8230800795047,442.3673100596285,294.91154003975237,147.45577001987618
2021-08-19,38733,583.731666169139,466.9853329353112,350.23899970148335,233.4926664676556,116.7463332338278
2021-08-20,32787,458.5880581410648,366.87044651285186,275.1528348846389,183.43522325642593,91.71761162821296
2021-08-21,31537,422.46861964586117,337.97489571668893,253.4811717875167,168.98744785834447,84.49372392917223
2021-08-22,30323,405.242737109898,324.1941896879184,243.14564226593876,162.0970948439592,81.0485474219796
2021-08-23,30434,419.2093851890597,335.36750815124776,251.5256311134358,167.68375407562388,83.84187703781194
2021-08-24,32346,467.9576317519486,374.3661054015589,280.77457905116916,187.18305270077946,93.59152635038973
2021-08-25,33323,509.85835669440877,407.88668535552705,305.9150140166453,203.94334267776352,101.97167133888176
2021-08-26,32776,528.8526455421114,423.0821164336892,317.3115873252668,211.5410582168446,105.7705291084223
2021-08-27,27606,463.80967498386514,371.04773998709214,278.2858049903191,185.52386999354607,92.76193499677304
2021-08-28,24620,421.24985490898524,336.9998839271882,252.74991294539115,168.4999419635941,84.24997098179705
2021-08-29,24468,414.23251345267215,331.38601076213774,248.53950807160328,165.69300538106887,82.84650269053444
2021-08-30,26185,427.66837160016695,342.1346972801336,256.6010229601002,171.0673486400668,85.5336743200334
2021-08-31,32235,499.5480980936752,399.6384784749402,299.72885885620514,199.8192392374701,99.90961961873505
2021-09-01,38851,566.0190471684739,452.81523773477915,339.61142830108435,226.40761886738957,113.20380943369479
2021-09-02,38789,528.5080939342718,422.8064751474174,317.104856360563,211.4032375737087,105.70161878685435
2021-09-03,34123,433.7477947734512,346.998235818761,260.2486768640707,173.4991179093805,86.74955895469024
2021-09-04,28572,338.3502758179442,270.68022065435537,203.0101654907665,135.34011032717768,67.67005516358884
2021-09-05,27990,308.78350202470153,247.02680161976124,185.27010121482093,123.51340080988062,61.75670040494031
2021-09-06,27842,287.8940254435398,230.31522035483187,172.73641526612388,115.15761017741593,57.578805088707966
2021-09-07,27150,266.40431127195365,213.12344901756293,159.8425867631722,106.56172450878147,53.28086225439073
2021-09-08,27239,258.106408400786,206.4851267206288,154.8638450404716,103.2425633603144,51.6212816801572
2021-09-09,24435,228.54703396613624,182.837627172909,137.12822037968175,91.4188135864545,45.70940679322725
2021-09-10,22658,214.43327655602627,171.54662124482104,128.65996593361575,85.77331062241052,42.88665531120526
2021-09-11,19774,194.50548271211215,155.60438616968975,116.70328962726728,77.80219308484487,38.90109654242244
2021-09-12,19477,204.6129517560879,163.69036140487034,122.76777105365274,81.84518070243517,40.922590351217586
2021-09-13,17357,198.19503147784548,158.5560251822764,118.91701888670728,79.2780125911382,39.6390062955691
2021-09-14,19653,245.73448816024361,196.5875905281949,147.44069289614617,98.29379526409745,49.14689763204873
2021-09-15,19481,266.36143508930246,213.08914807144197,159.81686105358148,106.54457403572098,53.27228701786049
2021-09-16,18147,268.64455235590174,214.9156418847214,161.18673141354103,107.4578209423607,53.72891047118035
2021-09-17,16767,263.64405682557623,210.915245460461,158.18643409534573,105.4576227302305,52.72881136511525
2021-09-18,16472,267.0078897091644,213.6063117673315,160.2047338254986,106.80315588366575,53.401577941832876
2021-09-19,18302,294.42285749704183,235.53828599763347,176.6537144982251,117.76914299881673,58.884571499408366
2021-09-20,18862,291.9034045703746,233.52272365629972,175.14204274222476,116.76136182814986,58.38068091407493
2021-09-21,19384,282.8509321711655,226.2807457369324,169.7105593026993,113.1403728684662,56.5701864342331
2021-09-22,21177,288.5678699454833,230.85429595638666,173.14072196728998,115.42714797819333,57.713573989096666
2021-09-23,19348,246.081263103927,196.86501048314162,147.6487578623562,98.43250524157081,49.216252620785404
2021-09-24,20971,250.79889728375304,200.63911782700245,150.4793383702518,100.31955891350123,50.15977945675061
2021-09-25,18187,207.36647062520302,165.89317650016244,124.4198823751218,82.94658825008122,41.47329412504061
2021-09-26,22041,243.91933402554304,195.13546722043444,146.3516004153258,97.56773361021722,48.78386680510861
2021-09-27,23844,260.16618774706717,208.13295019765374,156.09971264824028,104.06647509882687,52.033237549413435
2021-09-28,22844,248.91595037052662,199.1327602964213,149.34957022231598,99.56638014821065,49.78319007410533
2021-09-29,19166,210.797759138948,168.63820731115842,126.4786554833688,84.31910365557921,42.159551827789606
2021-09-30,17754,199.01860078389123,159.214880627113,119.41116047033474,79.6074403135565,39.80372015677825
2021-10-01,16009,184.65226725093123,147.721813800745,110.79136035055873,73.8609069003725,36.93045345018625
2021-10-02,15668,187.53150726634308,150.02520581307448,112.51890435980584,75.01260290653724,37.50630145326862
2021-10-03,16297,203.34336379270852,162.6746910341668,122.00601827562511,81.3373455170834,40.6686727585417
2021-10-04,18922,245.64505664561077,196.51604531648863,147.38703398736646,98.25802265824431,49.12901132912216
2021-10-05,20473,273.9433342773691,219.15466742189528,164.36600056642146,109.57733371094764,54.78866685547382
2021-10-06,20099,273.635224779249,218.9081798233992,164.1811348675494,109.4540899116996,54.7270449558498
2021-10-07,21176,289.9027136917106,231.92217095336846,173.94162821502633,115.96108547668423,57.980542738342116
2021-10-08,18965,258.79655342207985,207.0372427376639,155.2779320532479,103.51862136883194,51.75931068441597
2021-10-09,19311,261.1802103293138,208.94416826345105,156.70812619758829,104.47208413172552,52.23604206586276
2021-10-10,18878,252.19419699880322,201.75535759904258,151.31651819928192,100.87767879952129,50.438839399760646
2021-10-11,20353,268.28671554116266,214.62937243293015,160.9720293246976,107.31468621646508,53.65734310823254
2021-10-12,21390,278.5408607035246,222.83268856281967,167.12451642211474,111.41634428140983,55.70817214070492
2021-10-13,19797,255.36825368892735,204.29460295114188,153.2209522133564,102.14730147557094,51.07365073778547
2021-10-14,21604,277.1566755543639,221.72534044349115,166.29400533261835,110.86267022174557,55.43133511087279
2021-10-15,22641,290.35612261561465,232.28489809249174,174.21367356936878,116.14244904624587,58.071224523122936
2021-10-16,23315,300.74246889084293,240.59397511267434,180.44548133450576,120.29698755633717,60.148493778168586
2021-10-17,23201,303.3110835099376,242.64886680795007,181.98665010596255,121.32443340397504,60.66221670198752
2021-10-18,24775,330.703653002667,264.5629224021336,198.4221918016002,132.2814612010668,66.1407306005334
2021-10-19,25831,353.8822801722038,283.1058241377631,212.32936810332228,141.55291206888154,70.77645603444077
2021-10-20,27124,381.663205608418,305.33056448673443,228.9979233650508,152.66528224336722,76.33264112168361
2021-10-21,30563,439.27374819188964,351.41899855351176,263.56424891513376,175.70949927675588,87.85474963837794
2021-10-22,31040,450.35319619999956,360.2825569599997,270.21191771999975,180.14127847999984,90.07063923999992
2021-10-23,28786,414.6961467843072,331.7569174274458,248.8176880705843,165.8784587137229,82.93922935686145
2021-10-24,27607,387.8204237045494,310.25633896363956,232.69225422272962,155.12816948181978,77.56408474090989
2021-10-25,27686,374.4651909669935,299.5721527735948,224.67911458019609,149.7860763867974,74.8930381933987
2021-10-26,32127,416.5628189034134,333.2502551227308,249.93769134204803,166.6251275613654,83.3125637806827
2021-10-27,30992,386.92544041281604,309.54035233025286,232.15526424768962,154.77017616512643,77.38508808256321
2021-10-28,30128,366.464989816784,293.1719918534272,219.8789938900704,146.5859959267136,73.2929979633568
2021-10-29,31626,380.9961976469549,304.7969581175639,228.59771858817294,152.39847905878196,76.19923952939098
2021-10-30,26864,326.19519339840275,260.9561547187222,195.71711603904166,130.4780773593611,65.23903867968055
2021-10-31,30255,375.9881850565015,300.7905480452012,225.5929110339009,150.3952740226006,75.1976370113003
2021-11-01,25832,331.5580537660371,265.24644301282973,198.93483225962225,132.62322150641486,66.31161075320743
2021-11-02,28717,381.69597813262146,305.3567825060972,229.01758687957286,152.6783912530486,76.3391956265243
2021-11-03,30796,423.1306260109224,338.50450080873793,253.87837560655345,169.25225040436897,84.62612520218448
2021-11-04,25088,354.9557982879684,283.96463863037474,212.973478972781,141.98231931518737,70.99115965759368
2021-11-05,23846,345.8392601365409,276.6714081092327,207.50355608192453,138.33570405461634,69.16785202730817
2021-11-06,24027,355.43978713430187,284.3518297074415,213.26387228058113,142.17591485372074,71.08795742686037
2021-11-07,23365,350.67681052101926,280.5414484168154,210.40608631261156,140.2707242084077,70.13536210420385
2021-11-08,22549,341.6491363971068,273.31930911768546,204.98948183826408,136.65965455884273,68.32982727942137
2021-11-09,27175,414.0998896141885,331.27991169135083,248.45993376851308,165.63995584567542,82.81997792283771
2021-11-10,30330,463.530236129087,370.8241889032696,278.1181416774522,185.4120944516348,92.7060472258174
2021-11-11,28425,434.28688223913093,347.4295057913048,260.57212934347854,173.7147528956524,86.8573764478262
2021-11-12,28623,435.1246744493985,348.09973955951887,261.0748046696391,174.04986977975943,87.02493488987972
2021-11-13,25317,380.30885537557396,304.24708430045916,228.18531322534437,152.12354215022958,76.06177107511479
2021-11-14,25533,375.91530351190505,300.73224280952405,225.54918210714303,150.36612140476203,75.18306070238101
2021-11-15,24911,357.6040216945323,286.0832173556259,214.56241301671938,143.04160867781295,71.52080433890647
2021-11-16,23465,328.1625389386087,262.53003115088694,196.89752336316522,131.26501557544347,65.63250778772174
2021-11-17,28990,396.52948635254967,317.2235890820398,237.91769181152978,158.6117945410199,79.30589727050994
2021-11-18,32147,433.78039608356625,347.02431686685304,260.2682376501397,173.51215843342652,86.75607921671326
2021-11-19,26928,362.8124320839088,290.24994566712707,217.68745925034526,145.12497283356353,72.56248641678177
2021-11-20,29871,407.495090902503,325.99607272200245,244.4970545415018,162.99803636100123,81.49901818050061
2021-11-21,28329,396.4158494143193,317.1326795314555,237.84950964859158,158.56633976572775,79.28316988286387
2021-11-22,31867,460.53873068995875,368.430984551967,276.3232384139752,184.2154922759835,92.10774613799175
2021-11-23,31303,467.4885099921219,373.99080799369756,280.49310599527314,186.99540399684878,93.49770199842439
2021-11-24,32811,504.1621298352019,403.3297038681615,302.4972779011211,201.66485193408076,100.83242596704038
2021-11-25,33846,530.7103391917067,424.5682713533654,318.426203515024,212.2841356766827,106.14206783834135
2021-11-26,30154,477.0468356290445,381.6374685032356,286.2281013774267,190.8187342516178,95.4093671258089
2021-11-27,28391,446.83663521861826,357.46930817489465,268.10198113117093,178.73465408744732,89.36732704372366
2021-11-28,28857,445.5112958003739,356.4090366402991,267.3067774802243,178.20451832014956,89.10225916007478
2021-11-29,30150,454.5827402889383,363.66619223115066,272.749644173363,181.83309611557533,90.91654805778767
2021-11-30,37302,552.9478729143618,442.3582983314895,331.7687237486171,221.17914916574475,110.58957458287237
2021-12-01,40988,607.0677630069158,485.6542104055327,364.24065780414946,242.82710520276635,121.41355260138317
2021-12-02,40157,608.4461754049829,486.7569403239863,365.06770524298975,243.37847016199316,121.68923508099658
2021-12-03,35403,564.9517009352991,451.96136074823926,338.97102056117944,225.98068037411963,112.99034018705981
2021-12-04,33630,583.435161082664,466.7481288661312,350.06109664959837,233.3740644330656,116.6870322165328
2021-12-05,34565,671.2132982242217,536.9706385793774,402.72797893453304,268.4853192896887,134.24265964484434
2021-12-06,37916,836.4212395055673,669.1369916044539,501.85274370334037,334.56849580222695,167.28424790111347
2021-12-07,41009,1029.9057320317697,823.9245856254158,617.9434392190618,411.9622928127079,205.98114640635396
2021-12-08,45346,1290.653707632011,1032.522966105609,774.3922245792065,516.2614830528045,258.13074152640223
2021-12-09,50709,1622.2902651485174,1297.832212118814,973.3741590891104,648.916106059407,324.4580530297035
2021-12-10,48553,1723.895922002697,1379.1167376021576,1034.3375532016182,689.5583688010788,344.7791844005394
2021-12-11,50935,1967.1859565194975,1573.748765215598,1180.3115739116984,786.874382607799,393.4371913038995
2021-12-12,56395,2303.6964167293077,1842.9571333834463,1382.2178500375846,921.4785666917231,460.73928334586157
2021-12-13,65681,2761.918220431234,2209.5345763449873,1657.1509322587406,1104.7672881724936,552.3836440862468
2021-12-14,89424,3780.2850915527283,3024.2280732421827,2268.1710549316367,1512.1140366210914,756.0570183105457
2021-12-15,99656,4158.114354765695,3326.491483812556,2494.8686128594168,1663.245741906278,831.622870953139
2021-12-16,109885,4479.752477511904,3583.8019820095233,2687.851486507142,1791.9009910047616,895.9504955023808
2021-12-17,108957,4338.64532047381,3470.9162563790483,2603.187192284286,1735.4581281895241,867.7290640947621
2021-12-18,96697,3784.5696595138656,3027.6557276110925,2270.7417957083194,1513.8278638055463,756.9139319027731
2021-12-19,87866,3399.2835131605652,2719.4268105284523,2039.570107896339,1359.7134052642261,679.8567026321131
2021-12-20,88113,3372.501189113787,2698.0009512910297,2023.5007134682721,1349.0004756455148,674.5002378227574
2021-12-21,100772,3810.6944470790495,3048.5555576632396,2286.4166682474297,1524.2777788316198,762.1388894158099
2021-12-22,112566,4204.532321261754,3363.6258570094033,2522.7193927570524,1681.8129285047016,840.9064642523508
2021-12-23,98916,3666.135570104076,2932.908456083261,2199.6813420624458,1466.4542280416306,733.2271140208153
2021-12-24,93294,3465.229947552022,2772.183958041618,2079.137968531213,1386.091979020809,693.0459895104045
2021-12-25,50513,1903.226400168826,1522.581120135061,1141.9358401012955,761.2905600675305,380.64528003376523
2021-12-26,49580,1914.164706625595,1531.331765300476,1148.498823975357,765.665882650238,382.832941325119
2021-12-27,70397,2784.4261912673696,2227.540953013896,1670.6557147604217,1113.770476506948,556.885238253474
2021-12-28,146010,5858.578551542528,4686.862841234022,3515.1471309255166,2343.431420617011,1171.7157103085055
2021-12-29,85320,3417.6598607970054,2734.1278886376044,2050.595916478203,1367.0639443188022,683.5319721594011
2021-12-30,78508,3065.248066375475,2452.19845310038,1839.148839825285,1226.09922655019,613.049613275095
2021-12-31,94113,3454.0493508300187,2763.239480664015,2072.4296104980112,1381.6197403320075,690.8098701660037
2022-01-01,80627,2652.894462958471,2122.315570366777,1591.7366777750826,1061.1577851833886,530.5788925916943
2022-01-02,87567,2462.7708660035278,1970.2166928028223,1477.6625196021166,985.1083464014112,492.5541732007056
2022-01-03,93900,2205.0598437962894,1764.0478750370316,1323.0359062777736,882.0239375185158,441.0119687592579
2022-01-04,91519,1800.1553861170516,1440.1243088936415,1080.093231670231,720.0621544468207,360.03107722341036
2022-01-05,85653,1438.501537961765,1150.801230369412,863.100922777059,575.400615184706,287.700307592353
2022-01-06,79813,1173.8998711223257,939.1198968978606,704.3399226733954,469.5599484489303,234.77997422446515
2022-01-07,76351,1012.5716006551019,810.0572805240815,607.5429603930611,405.02864026204077,202.51432013102038
2022-01-08,69118,854.8321597455455,683.8657277964364,512.8992958473273,341.9328638982182,170.9664319491091
2022-01-09,63738,763.4467723804892,610.7574179043913,458.0680634282935,305.37870895219567,152.68935447609783
2022-01-10,56526,675.871648633341,540.6973189066729,405.5229891800046,270.34865945333644,135.17432972666822
2022-01-11,60524,738.6838131641509,590.9470505313208,443.21028789849055,295.4735252656604,147.7367626328302
2022-01-12,71316,902.7380197162161,722.1904157729729,541.6428118297296,361.09520788648643,180.54760394324322
2022-01-13,59064,783.350642423511,626.6805139388089,470.01038545410654,313.34025696940444,156.67012848470222
2022-01-14,48626,678.1261784317733,542.5009427454187,406.8757070590639,271.25047137270934,135.62523568635467
2022-01-15,41139,600.7611145929652,480.6088916743722,360.4566687557791,240.3044458371861,120.15222291859305
2022-01-16,44454,672.5991307053033,538.0793045642426,403.559478423182,269.0396522821213,134.51982614106066
2022-01-17,51719,802.4963270749963,641.9970616599971,481.49779624499774,320.9985308299986,160.4992654149993
2022-01-18,53007,836.2457001757441,668.9965601405953,501.74742010544645,334.49828007029765,167.24914003514883
2022-01-19,54527,867.8574016200706,694.2859212960566,520.7144409720423,347.1429606480283,173.57148032401415
2022-01-20,47490,757.0816212147323,605.6652969717859,454.24897272883936,302.83264848589295,151.41632424294647
2022-01-21,43669,692.5351918925031,554.0281535140025,415.5211151355019,277.01407675700125,138.50703837850062
2022-01-22,41788,654.9194509442655,523.9355607554124,392.95167056655924,261.9677803777062,130.9838901888531
2022-01-23,48121,740.9498570428962,592.7598856343169,444.5699142257377,296.37994281715845,148.18997140857923
2022-01-24,54821,825.262474761993,660.2099798095944,495.15748485719575,330.1049899047972,165.0524949523986
2022-01-25,57443,841.5316677212351,673.2253341769881,504.919000632741,336.61266708849405,168.30633354424702
2022-01-26,57377,814.0221253266468,651.2177002613175,488.41327519598804,325.60885013065877,162.80442506532938
2022-01-27,56921,777.802871024938,622.2422968199504,466.6817226149628,311.1211484099752,155.5605742049876
2022-01-28,49649,649.455785124129,519.5646280993031,389.6734710744774,259.7823140496516,129.8911570248258
2022-01-29,45873,570.7572215696566,456.60577725572534,342.45433294179395,228.30288862786267,114.15144431393134
2022-01-30,52569,618.6944360051632,494.95554880413056,371.2166616030979,247.47777440206528,123.73888720103264
2022-01-31,59433,660.4560194354606,528.3648155483685,396.27361166127633,264.18240777418424,132.09120388709212
2022-02-01,63926,672.1607510667777,537.7286008534222,403.2964506400666,268.8643004267111,134.43215021335556
2022-02-02,65177,651.9959030204468,521.5967224163575,391.19754181226807,260.79836120817873,130.39918060408937
2022-02-03,59428,570.1509454224719,456.1207563379775,342.09056725348313,228.06037816898876,114.03018908449438
2022-02-04,52813,490.7740580648383,392.61924645187065,294.46443483890295,196.30962322593533,98.15481161296766
2022-02-05,44477,405.29444705552044,324.23555764441636,243.17666823331226,162.11777882220818,81.05888941110409
2022-02-06,46882,425.3399903786654,340.27199230293235,255.20399422719922,170.13599615146617,85.06799807573309
2022-02-07,55872,511.72724393113964,409.38179514491173,307.0363463586838,204.69089757245587,102.34544878622793
2022-02-08,56719,529.2738087502017,423.4190470001614,317.56428525012103,211.7095235000807,105.85476175004035
2022-02-09,55257,526.9643782936897,421.5715026349518,316.1786269762138,210.7857513174759,105.39287565873795
2022-02-10,48083,467.12324282910873,373.698594263287,280.27394569746525,186.8492971316435,93.42464856582176
2022-02-11,43694,428.3536422753029,342.68291382024233,257.0121853651817,171.34145691012117,85.67072845506058
2022-02-12,38218,372.29704171819003,297.837633374552,223.37822503091402,148.918816687276,74.459408343638
2022-02-13,41093,391.2152336819479,312.97218694555835,234.72914020916872,156.48609347277917,78.24304673638959
2022-02-14,42122,389.40034232564807,311.5202738605185,233.64020539538882,155.76013693025925,77.88006846512963
2022-02-15,46936,424.2524445813857,339.4019556651086,254.55146674883142,169.7009778325543,84.85048891627714
2022-02-16,46563,419.21057687974354,335.36846150379483,251.52634612784613,167.68423075189742,83.84211537594871
2022-02-17,42063,387.4092550725664,309.9274040580531,232.44555304353983,154.96370202902656,77.48185101451328
2022-02-18,35561,345.8751399446658,276.70011195573267,207.52508396679949,138.35005597786633,69.17502798893317
2022-02-19,27525,292.81929019373814,234.25543215499053,175.6915741162429,117.12771607749526,58.56385803874763
2022-02-20,30520,367.341265702908,293.87301256232644,220.40475942174479,146.93650628116322,73.46825314058161
2022-02-21,33652,468.8461855823094,375.0769484658475,281.3077113493856,187.53847423292376,93.76923711646188
2022-02-22,31107,507.1373759453733,405.7099007562987,304.282425567224,202.85495037814934,101.42747518907467
2022-02-23,30042,573.6330032532362,458.90640260258897,344.1798019519417,229.45320130129448,114.72660065064724
2022-02-24,29574,656.696151523989,525.3569212191912,394.01769091439337,262.6784606095956,131.3392303047978
2022-02-25,27014,687.9201481090776,550.3361184872621,412.7520888654465,275.16805924363103,137.58402962181552
2022-02-26,28126,804.7319400343679,643.7855520274943,482.83916402062073,321.89277601374715,160.94638800687358
2022-02-27,28989,908.2874028252544,726.6299222602036,544.9724416951526,363.3149611301018,181.6574805650509
2022-02-28,37041,1240.781649386975,992.6253195095801,744.468989632185,496.31265975479005,248.15632987739502
2022-03-01,43222,1517.8109317104884,1214.2487453683907,910.686559026293,607.1243726841954,303.5621863420977
2022-03-02,42139,1530.3314679516543,1224.2651743613235,918.1988807709926,612.1325871806617,306.0662935903309
2022-03-03,41364,1538.5446206902434,1230.8356965521948,923.126772414146,615.4178482760974,307.7089241380487
2022-03-04,37788,1430.2241887576902,1144.1793510061523,858.134513254614,572.0896755030761,286.04483775153807
2022-03-05,39797,1525.3393898846255,1220.2715119077004,915.2036339307753,610.1357559538502,305.0678779769251
2022-03-06,42622,1645.0603805616802,1316.0483044493442,987.0362283370081,658.0241522246721,329.01207611233605
2022-03-07,53666,2073.2472300712275,1658.5977840569822,1243.9483380427364,829.2988920284911,414.64944601424554
2022-03-08,61116,2351.702297296428,1881.3618378371423,1411.0213783778565,940.6809189185711,470.34045945928557
2022-03-09,64325,2457.3273271184803,1965.8618616947842,1474.3963962710882,982.9309308473921,491.46546542369606
2022-03-10,66436,2514.0381588731193,2011.2305270984955,1508.4228953238714,1005.6152635492477,502.80763177462387
2022-03-11,66910,2502.643959017438,2002.1151672139506,1501.5863754104628,1001.0575836069753,500.52879180348765
2022-03-12,66436,2448.3911690344285,1958.7129352275429,1469.034701420657,979.3564676137714,489.6782338068857
2022-03-13,71596,2589.8388142918375,2071.8710514334703,1553.9032885751024,1035.9355257167351,517.9677628583676
2022-03-14,83521,2951.891034199137,2361.5128273593095,1771.134620519482,1180.7564136796548,590.3782068398274
2022-03-15,90252,3102.2924163707476,2481.8339330965982,1861.3754498224484,1240.9169665482991,620.4584832741496
2022-03-16,87516,2914.304319421734,2331.4434555373873,1748.5825916530403,1165.7217277686937,582.8608638843468
2022-03-17,84788,2726.725871768425,2181.38069741474,1636.0355230610548,1090.69034870737,545.345174353685
2022-03-18,78646,2436.972446889796,1949.577957511837,1462.1834681338776,974.7889787559185,487.39448937795925
2022-03-19,77693,2316.341588736142,1853.0732709889137,1389.804953241685,926.5366354944568,463.2683177472284
2022-03-20,83653,2395.9726432857306,1916.7781146285845,1437.5835859714382,958.3890573142922,479.1945286571461
2022-03-21,92400,2537.216542706923,2029.7732341655385,1522.3299256241537,1014.8866170827692,507.4433085413846
2022-03-22,96998,2546.3080422382955,2037.0464337906365,1527.7848253429772,1018.5232168953182,509.2616084476591
2022-03-23,93887,2347.894143501929,1878.3153148015435,1408.7364861011574,939.1576574007718,469.5788287003859
2022-03-24,84780,2011.0594891055327,1608.8475912844262,1206.6356934633195,804.4237956422131,402.21189782110656
2022-03-25,76478,1711.524267983246,1369.219414386597,1026.9145607899477,684.6097071932985,342.30485359664925
2022-03-26,72091,1514.95704364229,1211.965634913832,908.974226185374,605.982817456916,302.991408728458
2022-03-27,73025,1443.1478149350091,1154.5182519480074,865.8886889610054,577.2591259740037,288.62956298700186
2022-03-28,82290,1542.6288709392834,1234.1030967514268,925.57732256357,617.0515483757134,308.5257741878567
2022-03-29,79084,1423.0311556101835,1138.4249244881469,853.8186933661101,569.2124622440734,284.6062311220367
2022-03-30,76869,1341.6676240038644,1073.3340992030915,805.0005744023186,536.6670496015457,268.33352480077286
2022-03-31,66776,1138.4332166162128,910.7465732929703,683.0599299697277,455.37328664648516,227.68664332324258
2022-04-01,62427,1043.591818642044,834.8734549136352,626.1550911852264,417.4367274568176,208.7183637284088
2022-04-02,52474,862.7760054436013,690.2208043548811,517.6656032661608,345.11040217744056,172.55520108872028
2022-04-03,53446,867.50977283295515,694.0078182663642,520.505863699773,347.0039091331821,173.50195456659105
2022-04-04,58523,943.569832877764,754.8558663022113,566.1418997266584,377.42793315110566,188.71396657555283
2022-04-05,53421,862.1349509759882,689.7079607807906,517.2809705855929,344.8539803903953,172.42699019519765
2022-04-06,50698,825.200479732956,660.1603837863648,495.12028783977354,330.0801918931824,165.0400959465912
2022-04-07,42837,708.1018912888915,566.4815130311132,424.86113477333487,283.2407565155566,141.6203782577783
2022-04-08,38915,657.0644797889546,525.6515838311637,394.2386878733727,262.8257919155819,131.41289595779094
2022-04-09,33805,585.5789175624162,468.463134049933,351.3473505374497,234.2315670249665,117.11578351248325
2022-04-10,34005,605.5548043274728,484.44384346197825,363.33288259648367,242.22192173098912,121.11096086549456
2022-04-11,36626,669.8901060272198,535.9120848217758,401.93406361633185,267.9560424108879,133.97802120544395
2022-04-12,36127,674.6464728318266,539.7171782654613,404.78788369909597,269.85858913273063,134.92929456636531
2022-04-13,32159,605.9615013663152,484.76920109305223,363.57690081978916,242.38460054652612,121.19230027326306
2022-04-14,28867,538.6440039871429,430.91520318971436,323.18640239228574,215.45760159485718,107.72880079742859
2022-04-15,25884,465.96933154171376,372.77546523337105,279.58159892502823,186.38773261668553,93.19386630834276
2022-04-16,23367,394.31484359149584,315.4518748731967,236.5889061548975,157.72593743659834,78.86296871829917
2022-04-17,21618,335.3116732267897,268.2493385814318,201.1870039360738,134.1246692907159,67.06233464535795
2022-04-18,22675,321.48293795385905,257.18635036308723,192.88976277231544,128.59317518154361,64.29658759077181
2022-04-19,22552,294.68171445125995,235.74537156100797,176.80902867075596,117.87268578050399,58.93634289025199
2022-04-20,20710,253.87989392173114,203.10391513738492,152.32793635303867,101.55195756869246,50.77597878434623
2022-04-21,17914,211.11854407432284,168.8948352594583,126.6711264445937,84.447417629729145,42.22370881486457
2022-04-22,15624,182.5470019407732,146.03760155261858,109.52820116446392,73.01880077630929,36.509400388154646
2022-04-23,13999,167.83605925206763,134.2688474016541,100.70163555124057,67.13442370082706,33.56721185041353
2022-04-24,15334,193.89297625083168,155.11438100066536,116.335785750499,77.55719050033268,38.77859525016634
2022-04-25,16314,220.96312813646807,176.77050250917446,132.57787688188083,88.38525125458723,44.192625627293616
2022-04-26,14160,205.97737205723234,164.78189764578588,123.5864232343394,82.39094882289294,41.19547441144647
2022-04-27,12958,200.98596362815488,160.7887709025239,120.59157817689292,80.39438545126195,40.19719272563098
2022-04-28,11349,185.01815404099725,148.0145232327978,111.01089242459834,74.0072616163989,37.00363080819945
2022-04-29,10579,177.49409902252506,141.99527921802004,106.49645941351504,70.99763960901002,35.49881980450501
2022-04-30,9864,166.12280172678874,132.898241381431,99.67368103607323,66.4491206907155,33.22456034535775
2022-05-01,9943,164.77067797350202,131.81654237880161,98.86240678410121,65.908271189400807,32.954135594700404
2022-05-02,10950,176.59685252801464,141.2774820224117,105.95811151680878,70.63874101120585,35.319370505602926
2022-05-03,11149,174.51552955739322,139.6124236459146,104.70931773443593,69.8062118229573,34.90310591147865
2022-05-04,12040,183.29131573466674,146.6330525877334,109.97478944080004,73.3165262938667,36.65826314693335
2022-05-05,10216,151.8850197641714,121.50801581133713,91.13101185850284,60.754007905668566,30.377003952834283
2022-05-06,9179,133.92140702876299,107.13712562301039,80.35284421725778,53.568562811505195,26.784281405752598
2022-05-07,9033,129.87664825858008,103.90131860686407,77.92598895514804,51.95065930343203,25.975329651716017
2022-05-08,8296,117.87647437660243,94.30117950128195,70.72588462596146,47.150589750640975,23.575294875320488
2022-05-09,9758,137.3371796655841,109.86974373246728,82.40230779935045,54.93487186623364,27.46743593311682
2022-05-10,9769,136.55558522328795,109.24446817863037,81.93335113397276,54.622234089315185,27.311117044657593
2022-05-11,9085,126.46607511118212,101.1728600889457,75.87964506670927,50.58643004447285,25.293215022236424
2022-05-12,8372,116.38670502712856,93.10936402170285,69.83202301627713,46.55468201085142,23.27734100542571
2022-05-13,7376,102.87451954039726,82.29961563231781,61.724711724238354,41.149807816158905,20.574903908079452
2022-05-14,7110,100.22507909021637,80.1800632721731,60.13504745412982,40.09003163608655,20.045015818043275
2022-05-15,7280,104.66554616379501,83.73243693103602,62.799327698277004,41.86621846551801,20.933109232759005
2022-05-16,8267,122.35201296551311,97.88161037241049,73.41120777930786,48.940805186205246,24.470402593102623
2022-05-17,7377,113.21353508349196,90.57082806679358,67.92812105009517,45.28541403339679,22.642707016698395
2022-05-18,7638,122.03653229939022,97.62922583951217,73.22191937963413,48.81461291975609,24.407306459878043
2022-05-19,6579,109.4719871630508,87.57758973044065,65.68319229783047,43.788794865220325,21.894397432610162
2022-05-20,6183,106.82042943261918,85.45634354609535,64.0922576595715,42.72817177304768,21.36408588652384
2022-05-21,5713,102.04293843827112,81.6343507506169,61.22576306296267,40.81717537530845,20.408587687654226
2022-05-22,6215,114.70342400500681,91.76273920400546,68.82205440300409,45.88136960200273,22.940684801001364
2022-05-23,7542,144.3113345939123,115.44906767512985,86.58680075634739,57.72453383756493,28.862266918782463
2022-05-24,7329,146.37931987022114,117.10345589617691,87.82759192213268,58.551727948088455,29.275863974044228
2022-05-25,6981,146.97968382090627,117.58374705672503,88.18781029254376,58.791873528362515,29.395936764181258
2022-05-26,6293,141.25405508559254,113.00324406847403,84.75243305135552,56.501622034237016,28.250811017118508
2022-05-27,6235,150.70800758252975,120.5664060660238,90.42480454951784,60.2832030330119,30.14160151650595
2022-05-28,6355,166.44363011340397,133.1549040907232,99.86617806804237,66.5774520453616,33.2887260226808
2022-05-29,6026,170.6103063807614,136.48824510460912,102.36618382845683,68.24412255230456,34.12206127615228
2022-05-30,7120,215.884877092582,172.70790167406562,129.5309262555492,86.35395083703281,43.176975418516406
2022-05-31,7509,240.5000301945701,192.40002415565607,144.30001811674205,96.20001207782803,48.10000603891402
2022-06-01,7049,234.43705766926365,187.54964613541094,140.6622346015582,93.77482306770547,46.887411533852735
2022-06-02,7940,268.88015605050305,215.10412484040245,161.32809363030182,107.55206242020122,53.77603121010061
2022-06-03,7552,254.76718556844213,203.81374845475372,152.86031134106528,101.90687422737686,50.95343711368843
2022-06-04,7504,246.43256401543434,197.1460512123475,147.8595384092606,98.57302560617374,49.28651280308687
2022-06-05,9831,308.95483191615324,247.1638655329226,185.37289914969193,123.5819327664613,61.79096638323065
2022-06-06,12196,363.12446584106846,290.49957267285475,217.87467950464108,145.24978633642738,72.62489316821369
2022-06-07,12007,337.86743872421215,270.29395097936975,202.72046323452727,135.14697548968488,67.57348774484244
2022-06-08,11621,310.70918969865073,248.5673517589206,186.42551381919043,124.2836758794603,62.14183793973015
2022-06-09,10751,276.4835968926685,221.18687751413484,165.8901581356011,110.59343875706742,55.29671937853371
2022-06-10,11486,289.3053372905189,231.4442698324151,173.58320237431133,115.72213491620755,57.861067458103776
2022-06-11,12260,309.0110475540952,247.2088380432762,185.40662853245712,123.6044190216381,61.80220951081905
2022-06-12,13546,347.4887882351537,277.991030588123,208.49327294109221,138.9955152940615,69.49775764703075
2022-06-13,15941,421.0519717264235,336.84157738113885,252.6311830358541,168.42078869056942,84.21039434528471
2022-06-14,16455,444.29609867612015,355.4368789408961,266.5776592056721,177.71843947044806,88.85921973522403
2022-06-15,15290,423.26513411621346,338.6121072929708,253.95908046972806,169.3060536464854,84.6530268232427
2022-06-16,15542,441.65121659642165,353.32097327713734,264.990729957853,176.66048663856867,88.33024331928434
2022-06-17,16602,484.16825163875023,387.3346013110002,290.5009509832501,193.6673006555001,96.83365032775005
2022-06-18,17973,536.3942094484885,429.1153675587908,321.8365256690931,214.5576837793954,107.2788418896977
2022-06-19,19575,594.4113412384995,475.52907299079965,356.6468047430997,237.76453649539982,118.88226824769991
2022-06-20,20583,633.6371623361451,506.90972986891614,380.1822974016871,253.45486493445807,126.72743246722904
2022-06-21,21368,661.7314982855683,529.3851986284546,397.0388989713409,264.6925993142273,132.34629965711366
2022-06-22,21436,668.2340170055406,534.5872136044326,400.94041020332435,267.2936068022163,133.64680340110814
2022-06-23,17891,562.3648387096487,449.89187096771894,337.41890322578917,224.94593548385947,112.47296774192974
2022-06-24,16644,528.706208808288,422.9649670466304,317.2237252849728,211.4824835233152,105.7412417616576
2022-06-25,17525,563.4160258407969,450.73282067263756,338.04961550447814,225.36641033631878,112.68320516815939
2022-06-26,20935,678.5867812086265,542.8694249669012,407.15206872517587,271.4347124834506,135.7173562417253
2022-06-27,26813,863.6571699435367,690.9257359548294,518.194301966122,345.4628679774147,172.73143398870735
2022-06-28,29754,930.5707765960537,744.4566212768431,558.3424659576323,372.22831063842153,186.11415531921077
2022-06-29,27383,823.0750987981016,658.4600790384814,493.84505927886096,329.2300395192407,164.61501975962034
2022-06-30,23763,680.3721963582037,544.297757086563,408.2233178149222,272.1488785432815,136.07443927164076
2022-07-01,26007,703.6407848230945,562.9126278584756,422.18447089385666,281.4563139292378,140.7281569646189
2022-07-02,25714,652.8735405434036,522.2988324347228,391.72412432604216,261.1494162173614,130.5747081086807
2022-07-03,27951,663.282245981641,530.6257967853129,397.9693475889846,265.31289839265645,132.65644919632823
2022-07-04,30441,682.0493755653475,545.6395004522781,409.2296253392085,272.81975022613904,136.40987511306952
2022-07-05,32528,682.7851356038042,546.2281084830433,409.6710813622825,273.11405424152167,136.55702712076084
2022-07-06,28119,553.2674454187548,442.6139563350039,331.9604672512529,221.30697816750194,110.65348908375097
2022-07-07,24062,444.34339396116064,355.4747151689285,266.60603637669635,177.73735758446426,88.86867879223213
2022-07-08,23601,409.994941901071,327.9959535208568,245.9969651406426,163.9979767604284,81.9989883802142
2022-07-09,21602,354.7564099207114,283.80512793656914,212.85384595242684,141.90256396828457,70.95128198414228
2022-07-10,23067,361.2045384830281,288.96363078642247,216.72272308981687,144.48181539321124,72.24090769660562
2022-07-11,25978,401.3449008348888,321.0759206679111,240.80694050093325,160.53796033395554,80.26898016697777
2022-07-12,23687,358.31219029903576,286.64975223922863,214.98731417942145,143.32487611961432,71.66243805980716
2022-07-13,22085,329.41257785339326,263.5300622827146,197.64754671203596,131.7650311413573,65.88251557067865
2022-07-14,19402,286.34794268682424,229.07835414945941,171.80876561209453,114.53917707472971,57.269588537364854
2022-07-15,17461,255.11503304863461,204.0920264389077,153.06901982918077,102.04601321945385,51.02300660972693
2022-07-16,16027,231.40461693456677,185.12369354765343,138.84277016074006,92.56184677382672,46.28092338691336
2022-07-17,15433,219.39466792294346,175.51573433835478,131.63680075376607,87.75786716917739,43.878933584588694
2022-07-18,15762,220.50241551080273,176.4019324086422,132.30144930648163,88.2009662043211,44.10048310216055
2022-07-19,13022,176.67226995164222,141.3378159613138,106.00336197098532,70.6689079806569,35.33445399032845
2022-07-20,11661,152.08849557617347,121.67079646093879,91.25309734570408,60.835398230469394,30.417699115234697
2022-07-21,10038,124.29672208831067,99.43737767064854,74.5780332529864,49.71868883532427,24.859344417662136
2022-07-22,10642,122.93014970531507,98.34411976425207,73.75808982318904,49.172059882126035,24.586029941063018
2022-07-23,10413,109.9786685430526,87.98293483444209,65.98720112583156,43.991467417221045,21.995733708610523
2022-07-24,10213,97.26265183972767,77.81012147178214,58.3575911038366,38.90506073589107,19.452530367945535
2022-07-25,11026,98.27343203857446,78.61874563085956,58.96405922314467,39.30937281542978,19.65468640771489
2022-07-26,10187,81.8965434508182,65.51723476065456,49.13792607049092,32.75861738032728,16.37930869016364
2022-07-27,8643,62.697832649437295,50.158266119549836,37.61869958966238,25.079133059774918,12.539566529887459
2022-07-28,7213,47.45825944948697,37.966607559589576,28.47495566969218,18.983303779794788,9.491651889897394
2022-07-29,6082,36.6794717488969,29.34357739911752,22.00768304933814,14.67178869955876,7.33589434977938
2022-07-30,6179,34.71231228909631,27.76984983127705,20.827387373457785,13.884924915638525,6.942462457819262
2022-07-31,7772,41.515641040018735,33.21251283201499,24.909384624011242,16.606256416007493,8.303128208003747
2022-08-01,7913,41.17455665210144,32.93964532168115,24.704733991260863,16.469822660840574,8.234911330420287
2022-08-02,7325,37.85074993127588,30.280599945020704,22.710449958765526,15.140299972510352,7.570149986255176
2022-08-03,6234,32.958757094422296,26.36700567553784,19.775254256653376,13.18350283776892,6.59175141888446
2022-08-04,5908,32.99063070748133,26.392504565985064,19.794378424488798,13.196252282992532,6.598126141496266
2022-08-05,5165,31.52663931677893,25.221311453423144,18.915983590067356,12.610655726711572,6.305327863355786
2022-08-06,5693,39.362264474690505,31.489811579752406,23.617358684814302,15.744905789876203,7.872452894938101
2022-08-07,5244,42.175559562063015,33.74044764965041,25.305335737237808,16.870223824825207,8.435111912412603
2022-08-08,6156,59.233790896629614,47.3870327173037,35.540274537977766,23.69351635865185,11.846758179325924
2022-08-09,5564,63.4531923939655,50.762553915172404,38.0719154363793,25.381276957586202,12.690638478793101
2022-08-10,5272,70.32216515052528,56.25773212042023,42.193299090315165,28.128866060210115,14.064433030105057
2022-08-11,4050,61.49821148286991,49.198569186295934,36.89892688972195,24.599284593147967,12.299642296573984
2022-08-12,3881,64.328079975573,51.46246398045841,38.5968479853438,25.731231990229205,12.865615995114602
2022-08-13,3732,64.05865832677006,51.24692666141605,38.43519499606203,25.623463330708024,12.811731665354012
2022-08-14,3900,66.33361482677691,53.06689186142153,39.80016889606615,26.533445930710766,13.266722965355383
2022-08-15,4278,70.00356712747858,56.002853701982865,42.00214027648715,28.001426850991432,14.000713425495716
2022-08-16,4030,60.6854975997424,48.54839807979392,36.411298559845434,24.27419903989696,12.13709951994848
2022-08-17,3559,49.06407709944298,39.25126167955439,29.43844625966579,19.625630839777195,9.812815419888597
2022-08-18,3563,45.55198543225104,36.44158834580083,27.33119125935062,18.220794172900415,9.110397086450208
2022-08-19,2791,34.150232901642816,27.320186321314253,20.49013974098569,13.660093160657127,6.830046580328563
2022-08-20,2667,32.69195917953303,26.153567343626424,19.615175507719815,13.076783671813212,6.538391835906606
2022-08-21,2524,32.28203464295875,25.825627714367002,19.369220785775248,12.912813857183501,6.4564069285917505
2022-08-22,3180,43.65790748894286,34.92632599115429,26.194744493365715,17.463162995577147,8.731581497788573
